%time,field.data
1647529055844026738,-0.103
1647529055844192691,-0.103
1647529055844261616,-0.103
1647529055859720705,-0.102
1647529055883994757,-0.102
1647529055900066259,-0.102
1647529055917662577,-0.102
1647529055943315653,-0.102
1647529055960823880,-0.101
1647529055980781737,-0.101
1647529056001345278,-0.101
1647529056019695314,-0.101
1647529056042959625,-0.101
1647529056064252968,-0.103
1647529056089298725,-0.103
1647529056104327058,-0.103
1647529056126454385,-0.103
1647529056152557156,-0.102
1647529056173194246,-0.102
1647529056195242797,-0.102
1647529056212009814,-0.102
1647529056231498754,-0.102
1647529056258133492,-0.105
1647529056276878440,-0.105
1647529056296502145,-0.105
1647529056315823994,-0.105
1647529056334849737,-0.105
1647529056357005461,-0.101
1647529056375942787,-0.101
1647529056400233736,-0.101
1647529056419783100,-0.101
1647529056440095392,-0.101
1647529056461735903,-0.103
1647529056482741615,-0.103
1647529056505651304,-0.103
1647529056525492291,-0.103
1647529056544767888,-0.103
1647529056562293844,-0.102
1647529056586496298,-0.102
1647529056604722026,-0.102
1647529056626655327,-0.102
1647529056647793043,-0.102
1647529056666076833,-0.1
1647529056689562398,-0.1
1647529056710114080,-0.1
1647529056731988306,-0.1
1647529056752474421,-0.103
1647529056774340296,-0.103
1647529056794868643,-0.103
1647529056816084621,-0.103
1647529056840278933,-0.103
1647529056859457904,-0.102
1647529056879713175,-0.102
1647529056897461312,-0.102
1647529056915161942,-0.102
1647529056939833847,-0.102
1647529056961767051,-0.106
1647529056979792068,-0.106
1647529057000549229,-0.106
1647529057021672889,-0.106
1647529057047743112,-0.106
1647529057072623870,-0.103
1647529057090560867,-0.103
1647529057110821765,-0.103
1647529057136079835,-0.103
1647529057157560216,-0.105
1647529057176231930,-0.105
1647529057194627998,-0.105
1647529057214936158,-0.105
1647529057239161257,-0.105
1647529057263936885,-0.103
1647529057282280180,-0.103
1647529057300257037,-0.103
1647529057319835272,-0.103
1647529057340289647,-0.103
1647529057363772721,-0.106
1647529057385088180,-0.106
1647529057405676373,-0.106
1647529057423972929,-0.106
1647529057450334020,-0.106
1647529057469909206,-0.105
1647529057489731334,-0.105
1647529057506564934,-0.105
1647529057525770734,-0.105
1647529057546900816,-0.105
1647529057567661202,-0.103
1647529057586932520,-0.103
1647529057612095654,-0.103
1647529057629489581,-0.103
1647529057655911172,-0.103
1647529057674730521,-0.103
1647529057696878459,-0.103
1647529057719774219,-0.103
1647529057739976867,-0.103
1647529057759873948,-0.104
1647529057783288089,-0.104
1647529057804509713,-0.104
1647529057824846021,-0.104
1647529057847850753,-0.104
1647529057870086018,-0.105
1647529057889400954,-0.105
1647529057909595546,-0.105
1647529057927236609,-0.105
1647529057948875855,-0.105
1647529057964574085,-0.106
1647529057984802640,-0.106
1647529058003004785,-0.106
1647529058025264663,-0.106
1647529058050025843,-0.106
1647529058071842566,-0.105
1647529058094403037,-0.105
1647529058114795469,-0.105
1647529058137001969,-0.105
1647529058158327527,-0.102
1647529058178651437,-0.102
1647529058197813654,-0.102
1647529058222991466,-0.102
1647529058245822751,-0.102
1647529058272426579,-0.102
1647529058291856858,-0.102
1647529058314785691,-0.102
1647529058336243120,-0.102
1647529058358824306,-0.105
1647529058383706535,-0.105
1647529058403160801,-0.105
1647529058422614214,-0.105
1647529058447334691,-0.105
1647529058466912137,-0.104
1647529058486774629,-0.104
1647529058504493913,-0.104
1647529058522783576,-0.104
1647529058546611461,-0.104
1647529058568607850,-0.104
1647529058592507055,-0.104
1647529058612887077,-0.104
1647529058629905610,-0.104
1647529058655635391,-0.107
1647529058677079603,-0.107
1647529058696458282,-0.107
1647529058718155847,-0.107
1647529058733228628,-0.107
1647529058756778583,-0.103
1647529058776765476,-0.103
1647529058799462012,-0.103
1647529058821847258,-0.103
1647529058843349546,-0.103
1647529058864054613,-0.102
1647529058886644582,-0.102
1647529058907672618,-0.102
1647529058931659216,-0.102
1647529058952282293,-0.102
1647529058971533585,-0.103
1647529058998285209,-0.103
1647529059015222287,-0.103
1647529059036008696,-0.103
1647529059058536033,-0.107
1647529059074838033,-0.107
1647529059095230389,-0.107
1647529059114248829,-0.107
1647529059137729824,-0.107
1647529059157824039,-0.093
1647529059179363298,-0.093
1647529059198973705,-0.093
1647529059222892636,-0.093
1647529059239200003,-0.093
1647529059258402017,-0.106
1647529059278966699,-0.106
1647529059298724704,-0.106
1647529059318206241,-0.106
1647529059339287456,-0.106
1647529059362358822,-0.102
1647529059382905092,-0.102
1647529059402958798,-0.102
1647529059424699781,-0.102
1647529059450558095,-0.102
1647529059467736932,-0.105
1647529059491761446,-0.105
1647529059509223893,-0.105
1647529059530731439,-0.105
1647529059556614372,-0.104
1647529059582857735,-0.104
1647529059600425340,-0.104
1647529059617183385,-0.104
1647529059639926518,-0.104
1647529059658220010,-0.1
1647529059679645064,-0.1
1647529059697298303,-0.1
1647529059716281889,-0.1
1647529059735355633,-0.1
1647529059759372194,-0.097
1647529059776293503,-0.097
1647529059798417882,-0.097
1647529059816350933,-0.097
1647529059837091958,-0.097
1647529059858078522,-0.101
1647529059873246923,-0.101
1647529059895706163,-0.101
1647529059910221208,-0.101
1647529059934058833,-0.101
1647529059948981343,-0.101
1647529059965120501,-0.105
1647529059982887674,-0.105
1647529060004956588,-0.105
1647529060025507920,-0.105
1647529060047851967,-0.105
1647529060064905677,-0.107
1647529060086868299,-0.107
1647529060107090935,-0.107
1647529060126944887,-0.107
1647529060152029814,-0.107
1647529060168941232,-0.11
1647529060186134316,-0.11
1647529060206222920,-0.11
1647529060228217642,-0.11
1647529060249417736,-0.11
1647529060264364086,-0.116
1647529060284244802,-0.116
1647529060305591818,-0.116
1647529060328137668,-0.116
1647529060352023116,-0.116
1647529060368131078,-0.12
1647529060384117911,-0.12
1647529060404356524,-0.12
1647529060425256121,-0.12
1647529060448418840,-0.12
1647529060474025607,-0.129
1647529060493113891,-0.129
1647529060507945610,-0.129
1647529060526789993,-0.129
1647529060546579331,-0.129
1647529060569062217,-0.139
1647529060588046161,-0.139
1647529060609700245,-0.139
1647529060626509696,-0.139
1647529060648534726,-0.139
1647529060672120187,-0.146
1647529060697512903,-0.146
1647529060715581014,-0.146
1647529060737378155,-0.146
1647529060757836044,-0.156
1647529060774120197,-0.156
1647529060795088717,-0.156
1647529060813386242,-0.156
1647529060835935816,-0.156
1647529060858304585,-0.161
1647529060878675965,-0.161
1647529060896231891,-0.161
1647529060913119522,-0.161
1647529060928670788,-0.161
1647529060955066445,-0.171
1647529060968772419,-0.171
1647529060989275044,-0.171
1647529061008789497,-0.171
1647529061026685234,-0.171
1647529061046853217,-0.171
1647529061065902012,-0.183
1647529061083664324,-0.183
1647529061106399912,-0.183
1647529061129033497,-0.183
1647529061152498280,-0.183
1647529061170190460,-0.195
1647529061186665878,-0.195
1647529061207268600,-0.195
1647529061227034951,-0.195
1647529061248815932,-0.195
1647529061267867974,-0.205
1647529061287353031,-0.205
1647529061309553635,-0.205
1647529061334827409,-0.205
1647529061357880403,-0.219
1647529061376207838,-0.219
1647529061394735126,-0.219
1647529061418968200,-0.219
1647529061438664898,-0.219
1647529061458842297,-0.224
1647529061479768608,-0.224
1647529061498460168,-0.224
1647529061518687821,-0.224
1647529061539548254,-0.224
1647529061562301854,-0.233
1647529061584494751,-0.233
1647529061602819250,-0.233
1647529061625702552,-0.233
1647529061648898926,-0.233
1647529061674447257,-0.246
1647529061695796874,-0.246
1647529061718093921,-0.246
1647529061739642130,-0.246
1647529061759407784,-0.246
1647529061781252489,-0.246
1647529061796018417,-0.246
1647529061810009695,-0.246
1647529061829280584,-0.246
1647529061849402900,-0.246
1647529061874107424,-0.26
1647529061894231554,-0.26
1647529061913093477,-0.26
1647529061928605542,-0.26
1647529061953026220,-0.26
1647529061968905560,-0.27
1647529061988486017,-0.27
1647529062011840053,-0.27
1647529062029332693,-0.27
1647529062053368356,-0.27
1647529062069134274,-0.278
1647529062092154583,-0.278
1647529062112043463,-0.278
1647529062130094221,-0.278
1647529062145489595,-0.278
1647529062167709003,-0.286
1647529062194398405,-0.286
1647529062214663235,-0.286
1647529062235635612,-0.286
1647529062257044561,-0.289
1647529062277924303,-0.289
1647529062294653793,-0.289
1647529062316091343,-0.289
1647529062334177188,-0.289
1647529062355124019,-0.3
1647529062374163096,-0.3
1647529062394796156,-0.3
1647529062419642810,-0.3
1647529062441486300,-0.3
1647529062461317292,-0.305
1647529062482407363,-0.305
1647529062503881012,-0.305
1647529062530990254,-0.305
1647529062552390696,-0.305
1647529062572076700,-0.312
1647529062592145853,-0.312
1647529062614117502,-0.312
1647529062631463005,-0.312
1647529062658535102,-0.312
1647529062670997842,-0.318
1647529062688364045,-0.318
1647529062708822626,-0.318
1647529062728380161,-0.318
1647529062749317407,-0.318
1647529062769320161,-0.326
1647529062789276797,-0.326
1647529062803822667,-0.326
1647529062824841255,-0.326
1647529062848659843,-0.326
1647529062875877255,-0.325
1647529062898622488,-0.325
1647529062918211164,-0.325
1647529062936243184,-0.325
1647529062958326887,-0.335
1647529062979107103,-0.335
1647529062998471325,-0.335
1647529063017152472,-0.335
1647529063036817195,-0.335
1647529063060489250,-0.343
1647529063079584915,-0.343
1647529063099350171,-0.343
1647529063119112340,-0.343
1647529063136713196,-0.343
1647529063159521568,-0.352
1647529063179858418,-0.352
1647529063202564730,-0.352
1647529063223704134,-0.352
1647529063246093652,-0.352
1647529063263062133,-0.356
1647529063283469373,-0.356
1647529063299195258,-0.356
1647529063322586427,-0.356
1647529063345121123,-0.356
1647529063363678989,-0.362
1647529063383258691,-0.362
1647529063404643109,-0.362
1647529063427087621,-0.362
1647529063450344261,-0.362
1647529063469482412,-0.364
1647529063492911478,-0.364
1647529063513647514,-0.364
1647529063534938902,-0.364
1647529063555154450,-0.372
1647529063572982038,-0.372
1647529063592336896,-0.372
1647529063612744476,-0.372
1647529063635430194,-0.372
1647529063658358032,-0.382
1647529063673714914,-0.382
1647529063692014783,-0.382
1647529063711584723,-0.382
1647529063735631003,-0.382
1647529063756839452,-0.389
1647529063775695563,-0.389
1647529063793696629,-0.389
1647529063811734955,-0.389
1647529063830838333,-0.389
1647529063859460089,-0.395
1647529063876026681,-0.395
1647529063896121109,-0.395
1647529063918485959,-0.395
1647529063935333387,-0.395
1647529063956936650,-0.403
1647529063976672567,-0.403
1647529063995685625,-0.403
1647529064014228676,-0.403
1647529064035563922,-0.403
1647529064058501541,-0.405
1647529064078945140,-0.405
1647529064096310396,-0.405
1647529064115799684,-0.405
1647529064134938674,-0.405
1647529064157075545,-0.414
1647529064179243261,-0.414
1647529064203487908,-0.414
1647529064215750049,-0.414
1647529064234682727,-0.414
1647529064260372771,-0.421
1647529064282513598,-0.421
1647529064302792292,-0.421
1647529064323041807,-0.421
1647529064344760217,-0.421
1647529064366491109,-0.429
1647529064389513506,-0.429
1647529064408933922,-0.429
1647529064427256160,-0.429
1647529064447866644,-0.429
1647529064466350843,-0.431
1647529064488488579,-0.431
1647529064508138093,-0.431
1647529064527577541,-0.431
1647529064554980932,-0.434
1647529064571116939,-0.434
1647529064588702528,-0.434
1647529064606338283,-0.434
1647529064626619268,-0.434
1647529064647999655,-0.434
1647529064663677258,-0.436
1647529064683543503,-0.436
1647529064706849710,-0.436
1647529064724448771,-0.436
1647529064748213011,-0.436
1647529064764218493,-0.448
1647529064782316155,-0.448
1647529064804555508,-0.448
1647529064827330162,-0.448
1647529064848807223,-0.448
1647529064872309210,-0.445
1647529064889813298,-0.445
1647529064909083522,-0.445
1647529064932566844,-0.445
1647529064954873333,-0.455
1647529064977761523,-0.455
1647529064996732986,-0.455
1647529065015242082,-0.455
1647529065034663492,-0.455
1647529065057165765,-0.458
1647529065078863529,-0.458
1647529065098235022,-0.458
1647529065117640050,-0.458
1647529065136961278,-0.458
1647529065162712789,-0.464
1647529065180590973,-0.464
1647529065200167645,-0.464
1647529065222094140,-0.464
1647529065242084019,-0.464
1647529065263731137,-0.472
1647529065285601746,-0.472
1647529065304945166,-0.472
1647529065325669052,-0.472
1647529065346794081,-0.472
1647529065363556785,-0.477
1647529065384855433,-0.477
1647529065401165270,-0.477
1647529065419585671,-0.477
1647529065438132105,-0.477
1647529065459092827,-0.48
1647529065480285359,-0.48
1647529065503982429,-0.48
1647529065516260737,-0.48
1647529065540186119,-0.48
1647529065555836175,-0.485
1647529065578248001,-0.485
1647529065604477763,-0.485
1647529065618939770,-0.485
1647529065642994171,-0.485
1647529065664560776,-0.49
1647529065678343857,-0.49
1647529065696658508,-0.49
1647529065724310533,-0.49
1647529065739489784,-0.49
1647529065759748626,-0.488
1647529065776883942,-0.488
1647529065797214062,-0.488
1647529065823706978,-0.488
1647529065844753786,-0.488
1647529065858358006,-0.489
1647529065879284647,-0.489
1647529065898862908,-0.489
1647529065917874486,-0.489
1647529065937137214,-0.489
1647529065961088236,-0.489
1647529065981184401,-0.489
1647529065998369878,-0.489
1647529066018687187,-0.489
1647529066042260919,-0.489
1647529066064177559,-0.493
1647529066083993992,-0.493
1647529066106177311,-0.493
1647529066128262496,-0.493
1647529066147921673,-0.493
1647529066167461632,-0.501
1647529066187732176,-0.501
1647529066205832394,-0.501
1647529066223648630,-0.501
1647529066246675654,-0.501
1647529066268428012,-0.503
1647529066288906477,-0.503
1647529066308711231,-0.503
1647529066327479841,-0.503
1647529066349219523,-0.503
1647529066374937027,-0.503
1647529066395256075,-0.503
1647529066415252729,-0.503
1647529066435719829,-0.503
1647529066457384501,-0.51
1647529066475395758,-0.51
1647529066496914590,-0.51
1647529066516954988,-0.51
1647529066538786528,-0.51
1647529066557072652,-0.505
1647529066577792579,-0.505
1647529066597914241,-0.505
1647529066620891958,-0.505
1647529066638473884,-0.505
1647529066656694831,-0.507
1647529066677634425,-0.507
1647529066699827540,-0.507
1647529066717528292,-0.507
1647529066738497980,-0.507
1647529066758890381,-0.508
1647529066777404272,-0.508
1647529066801046134,-0.508
1647529066820142776,-0.508
1647529066843871940,-0.508
1647529066864374384,-0.51
1647529066884848203,-0.51
1647529066902227833,-0.51
1647529066919480630,-0.51
1647529066943383992,-0.51
1647529066960926500,-0.51
1647529066979176046,-0.51
1647529067000778964,-0.51
1647529067019068285,-0.51
1647529067042462155,-0.51
1647529067062501689,-0.515
1647529067082844086,-0.515
1647529067103503626,-0.515
1647529067126616825,-0.515
1647529067148564616,-0.515
1647529067167186388,-0.516
1647529067187376497,-0.516
1647529067203164660,-0.516
1647529067223909188,-0.516
1647529067244221810,-0.516
1647529067268434378,-0.519
1647529067288201981,-0.519
1647529067311926622,-0.519
1647529067334054335,-0.519
1647529067354861063,-0.521
1647529067379837538,-0.521
1647529067394148093,-0.521
1647529067408995490,-0.521
1647529067425324554,-0.521
1647529067446119063,-0.521
1647529067468550211,-0.519
1647529067488601040,-0.519
1647529067509700513,-0.519
1647529067528745709,-0.519
1647529067548882538,-0.519
1647529067566884016,-0.521
1647529067589140004,-0.521
1647529067611699405,-0.521
1647529067629236812,-0.521
1647529067647523951,-0.521
1647529067662616734,-0.52
1647529067679985367,-0.52
1647529067697118970,-0.52
1647529067718321368,-0.52
1647529067738312986,-0.52
1647529067759206324,-0.522
1647529067779614945,-0.522
1647529067798368660,-0.522
1647529067816792444,-0.522
1647529067834276015,-0.522
1647529067856586175,-0.524
1647529067877081294,-0.524
1647529067895707287,-0.524
1647529067913138636,-0.524
1647529067936552814,-0.524
1647529067956089349,-0.527
1647529067973476038,-0.527
1647529067995683739,-0.527
1647529068023102911,-0.527
1647529068046153890,-0.527
1647529068064499948,-0.524
1647529068080869186,-0.524
1647529068100395063,-0.524
1647529068122070293,-0.524
1647529068146230157,-0.524
1647529068166570663,-0.527
1647529068187539767,-0.527
1647529068207623088,-0.527
1647529068227939798,-0.527
1647529068254193080,-0.531
1647529068274858144,-0.531
1647529068294584202,-0.531
1647529068309083965,-0.531
1647529068332372083,-0.531
1647529068359295694,-0.531
1647529068374714692,-0.529
1647529068389693259,-0.529
1647529068411339673,-0.529
1647529068432631805,-0.529
1647529068455114483,-0.527
1647529068471908471,-0.527
1647529068492242720,-0.527
1647529068514383783,-0.527
1647529068532585216,-0.527
1647529068555402570,-0.53
1647529068574298223,-0.53
1647529068598403235,-0.53
1647529068617639473,-0.53
1647529068633824526,-0.53
1647529068656069784,-0.532
1647529068670485944,-0.532
1647529068694807768,-0.532
1647529068713567328,-0.532
1647529068739337505,-0.532
1647529068755051143,-0.537
1647529068774046176,-0.537
1647529068793412357,-0.537
1647529068817833627,-0.537
1647529068838079461,-0.537
1647529068856647502,-0.532
1647529068878406591,-0.532
1647529068898303637,-0.532
1647529068917677203,-0.532
1647529068935941993,-0.532
1647529068959603031,-0.539
1647529068981389494,-0.539
1647529068998663112,-0.539
1647529069019024255,-0.539
1647529069041745133,-0.539
1647529069065950778,-0.539
1647529069084611315,-0.539
1647529069104405199,-0.539
1647529069126124756,-0.539
1647529069149872545,-0.539
1647529069169324369,-0.54
1647529069186202232,-0.54
1647529069207226816,-0.54
1647529069226626066,-0.54
1647529069249679270,-0.54
1647529069268471649,-0.541
1647529069287837213,-0.541
1647529069304284940,-0.541
1647529069324270796,-0.541
1647529069349468428,-0.541
1647529069369359909,-0.544
1647529069389848043,-0.544
1647529069403929356,-0.544
1647529069425204025,-0.544
1647529069450311027,-0.544
1647529069471649895,-0.547
1647529069492329979,-0.547
1647529069509866295,-0.547
1647529069535187977,-0.547
1647529069547594259,-0.547
1647529069570632511,-0.547
1647529069586905530,-0.547
1647529069609491423,-0.547
1647529069627540923,-0.547
1647529069648323987,-0.547
1647529069664361633,-0.551
1647529069686457379,-0.551
1647529069707824494,-0.551
1647529069728787799,-0.551
1647529069748683614,-0.551
1647529069771140910,-0.545
1647529069793308804,-0.545
1647529069814574517,-0.545
1647529069835200353,-0.545
1647529069859362658,-0.557
1647529069880759863,-0.557
1647529069902528431,-0.557
1647529069922927608,-0.557
1647529069946635690,-0.557
1647529069970907803,-0.561
1647529069994013760,-0.561
1647529070014704001,-0.561
1647529070036202346,-0.561
1647529070058527831,-0.563
1647529070083744158,-0.563
1647529070101060710,-0.563
1647529070119127423,-0.563
1647529070142212933,-0.563
1647529070162579790,-0.564
1647529070182159194,-0.564
1647529070199277821,-0.564
1647529070217280815,-0.564
1647529070240002189,-0.564
1647529070258366016,-0.569
1647529070277729941,-0.569
1647529070297875372,-0.569
1647529070317597095,-0.569
1647529070337578077,-0.569
1647529070361851945,-0.576
1647529070385126844,-0.576
1647529070404081148,-0.576
1647529070423992275,-0.576
1647529070448301035,-0.576
1647529070465563107,-0.576
1647529070489148393,-0.576
1647529070503266693,-0.576
1647529070523586959,-0.576
1647529070545842867,-0.576
1647529070563177706,-0.579
1647529070584187800,-0.579
1647529070604196205,-0.579
1647529070624199190,-0.579
1647529070646335293,-0.579
1647529070665627352,-0.578
1647529070684700329,-0.578
1647529070704397744,-0.578
1647529070723616756,-0.578
1647529070745891607,-0.578
1647529070765690508,-0.584
1647529070785422720,-0.584
1647529070807172380,-0.584
1647529070824444656,-0.584
1647529070845512964,-0.584
1647529070863196023,-0.586
1647529070883482031,-0.586
1647529070908502390,-0.586
1647529070924773576,-0.586
1647529070943378207,-0.586
1647529070963200368,-0.588
1647529070985563219,-0.588
1647529071004303279,-0.588
1647529071024804928,-0.588
1647529071044820048,-0.588
1647529071061248353,-0.589
1647529071083874419,-0.589
1647529071105121652,-0.589
1647529071126336017,-0.589
1647529071147280957,-0.589
1647529071165985735,-0.601
1647529071184563285,-0.601
1647529071202980375,-0.601
1647529071224400930,-0.601
1647529071247002206,-0.601
1647529071264236869,-0.591
1647529071280802595,-0.591
1647529071299186523,-0.591
1647529071324004148,-0.591
1647529071344956473,-0.591
1647529071366814833,-0.59
1647529071384286809,-0.59
1647529071398329791,-0.59
1647529071419027446,-0.59
1647529071437210065,-0.59
1647529071458550753,-0.604
1647529071478122710,-0.604
1647529071493615772,-0.604
1647529071512680094,-0.604
1647529071534906709,-0.604
1647529071557876690,-0.597
1647529071575343346,-0.597
1647529071597161979,-0.597
1647529071616589994,-0.597
1647529071635142968,-0.597
1647529071657005815,-0.6
1647529071678209012,-0.6
1647529071694423432,-0.6
1647529071708851411,-0.6
1647529071732617139,-0.6
1647529071752809873,-0.6
1647529071768815403,-0.603
1647529071793221198,-0.603
1647529071812259120,-0.603
1647529071828178385,-0.603
1647529071848478597,-0.603
1647529071863763489,-0.605
1647529071884206454,-0.605
1647529071905754439,-0.605
1647529071917957956,-0.605
1647529071935576020,-0.605
1647529071958553604,-0.607
1647529071980566797,-0.607
1647529072000266191,-0.607
1647529072017656128,-0.607
1647529072038264954,-0.607
1647529072056933248,-0.61
1647529072075852923,-0.61
1647529072097105251,-0.61
1647529072118467866,-0.61
1647529072140955414,-0.61
1647529072159471161,-0.612
1647529072178353476,-0.612
1647529072196185563,-0.612
1647529072214274150,-0.612
1647529072234389960,-0.612
1647529072256606940,-0.598
1647529072276522906,-0.598
1647529072297319936,-0.598
1647529072323093398,-0.598
1647529072343818801,-0.598
1647529072359704522,-0.605
1647529072378888387,-0.605
1647529072397972839,-0.605
1647529072423285908,-0.605
1647529072445209926,-0.605
1647529072463217083,-0.606
1647529072479475617,-0.606
1647529072498828831,-0.606
1647529072518810200,-0.606
1647529072538543607,-0.606
1647529072562373069,-0.606
1647529072583190419,-0.606
1647529072598415919,-0.606
1647529072617875808,-0.606
1647529072640797064,-0.606
1647529072660630500,-0.607
1647529072681131316,-0.607
1647529072701070761,-0.607
1647529072714985408,-0.607
1647529072736476121,-0.607
1647529072755820647,-0.608
1647529072778388777,-0.608
1647529072798722825,-0.608
1647529072812935686,-0.608
1647529072833850280,-0.608
1647529072853748145,-0.608
1647529072873446086,-0.608
1647529072895410647,-0.608
1647529072915855988,-0.608
1647529072933851180,-0.608
1647529072958680710,-0.609
1647529072974278143,-0.609
1647529072998772351,-0.609
1647529073024167293,-0.609
1647529073038645779,-0.609
1647529073058242759,-0.606
1647529073074282759,-0.606
1647529073096091184,-0.606
1647529073116150747,-0.606
1647529073135680160,-0.606
1647529073154768373,-0.609
1647529073175505565,-0.609
1647529073197898151,-0.609
1647529073221123462,-0.609
1647529073242784442,-0.609
1647529073255693637,-0.614
1647529073280360767,-0.614
1647529073302299460,-0.614
1647529073322439533,-0.614
1647529073344655542,-0.614
1647529073361731765,-0.606
1647529073377192014,-0.606
1647529073397657543,-0.606
1647529073415940927,-0.606
1647529073435626315,-0.606
1647529073458559911,-0.609
1647529073476888974,-0.609
1647529073497920692,-0.609
1647529073521119154,-0.609
1647529073544783174,-0.609
1647529073560835777,-0.612
1647529073582067809,-0.612
1647529073598444622,-0.612
1647529073618440588,-0.612
1647529073639093471,-0.612
1647529073657605437,-0.608
1647529073676905960,-0.608
1647529073691391825,-0.608
1647529073713261614,-0.608
1647529073734825276,-0.608
1647529073753843713,-0.613
1647529073774754348,-0.613
1647529073793974720,-0.613
1647529073812543334,-0.613
1647529073831236762,-0.613
1647529073852501857,-0.613
1647529073867959032,-0.615
1647529073892683635,-0.615
1647529073909872969,-0.615
1647529073934476290,-0.615
1647529073957373032,-0.611
1647529073973825677,-0.611
1647529073995011319,-0.611
1647529074016181434,-0.611
1647529074038835195,-0.611
1647529074056396266,-0.617
1647529074080328243,-0.617
1647529074100983042,-0.617
1647529074125970438,-0.617
1647529074148185871,-0.617
1647529074168137675,-0.617
1647529074186373904,-0.617
1647529074205659412,-0.617
1647529074225142588,-0.617
1647529074248764051,-0.617
1647529074263415202,-0.616
1647529074283144576,-0.616
1647529074305391681,-0.616
1647529074326341512,-0.616
1647529074348938888,-0.616
1647529074371921859,-0.614
1647529074393191778,-0.614
1647529074417957493,-0.614
1647529074434109968,-0.614
1647529074457374005,-0.617
1647529074472427951,-0.617
1647529074491455997,-0.617
1647529074513481503,-0.617
1647529074538418219,-0.617
1647529074557244445,-0.621
1647529074574918783,-0.621
1647529074597942872,-0.621
1647529074619262085,-0.621
1647529074642297444,-0.621
1647529074658281049,-0.617
1647529074678546943,-0.617
1647529074695790218,-0.617
1647529074716165348,-0.617
1647529074738295574,-0.617
1647529074758494131,-0.619
1647529074778952552,-0.619
1647529074795709872,-0.619
1647529074818296089,-0.619
1647529074840549268,-0.619
1647529074861532108,-0.623
1647529074888133541,-0.623
1647529074901316205,-0.623
1647529074921441935,-0.623
1647529074938271929,-0.623
1647529074956809727,-0.623
1647529074976447869,-0.623
1647529074997606751,-0.623
1647529075010746200,-0.623
1647529075032882476,-0.623
1647529075062405709,-0.619
1647529075076642537,-0.619
1647529075097575051,-0.619
1647529075114600250,-0.619
1647529075134908142,-0.619
1647529075156311998,-0.621
1647529075180532994,-0.621
1647529075198974035,-0.621
1647529075220866977,-0.621
1647529075237952641,-0.621
1647529075256385731,-0.621
1647529075278863324,-0.621
1647529075296952765,-0.621
1647529075324229329,-0.621
1647529075336848949,-0.621
1647529075357231226,-0.62
1647529075379739633,-0.62
1647529075401503023,-0.62
1647529075424237074,-0.62
1647529075447401664,-0.62
1647529075462037207,-0.623
1647529075483701445,-0.623
1647529075506204465,-0.623
1647529075526476168,-0.623
1647529075549922341,-0.623
1647529075570389916,-0.626
1647529075588935568,-0.626
1647529075609246612,-0.626
1647529075628124377,-0.626
1647529075653184075,-0.626
1647529075668956513,-0.619
1647529075689263403,-0.619
1647529075711412269,-0.619
1647529075734804921,-0.619
1647529075754837992,-0.624
1647529075773148482,-0.624
1647529075791478437,-0.624
1647529075812617776,-0.624
1647529075833311250,-0.624
1647529075861300040,-0.621
1647529075873899079,-0.621
1647529075891007516,-0.621
1647529075911423286,-0.621
1647529075932260955,-0.621
1647529075952858048,-0.621
1647529075973166488,-0.624
1647529075992476554,-0.624
1647529076013162899,-0.624
1647529076034054143,-0.624
1647529076056687466,-0.627
1647529076078273461,-0.627
1647529076096252257,-0.627
1647529076111797860,-0.627
1647529076133424671,-0.627
1647529076157489565,-0.623
1647529076180471016,-0.623
1647529076200700772,-0.623
1647529076216822109,-0.623
1647529076236084159,-0.623
1647529076254658104,-0.622
1647529076276134614,-0.622
1647529076295280958,-0.622
1647529076311205966,-0.622
1647529076333299218,-0.622
1647529076354325511,-0.625
1647529076375405922,-0.625
1647529076395844770,-0.625
1647529076414579467,-0.625
1647529076436825509,-0.625
1647529076454372693,-0.621
1647529076473064519,-0.621
1647529076493923497,-0.621
1647529076513905437,-0.621
1647529076538357367,-0.621
1647529076558228797,-0.625
1647529076578313440,-0.625
1647529076600600349,-0.625
1647529076620733741,-0.625
1647529076646310180,-0.625
1647529076663927968,-0.619
1647529076683717824,-0.619
1647529076712432146,-0.619
1647529076728088837,-0.619
1647529076746450614,-0.619
1647529076770946575,-0.615
1647529076787750455,-0.615
1647529076814349008,-0.615
1647529076834924023,-0.615
1647529076857210268,-0.618
1647529076876613447,-0.618
1647529076894555201,-0.618
1647529076914104976,-0.618
1647529076935413124,-0.618
1647529076958454692,-0.619
1647529076976897548,-0.619
1647529076992357680,-0.619
1647529077015958460,-0.619
1647529077038721850,-0.619
1647529077058562403,-0.616
1647529077075967514,-0.616
1647529077092047043,-0.616
1647529077111638930,-0.616
1647529077131553331,-0.616
1647529077152279448,-0.616
1647529077169398613,-0.614
1647529077185842835,-0.614
1647529077205634872,-0.614
1647529077224099608,-0.614
1647529077247750977,-0.614
1647529077266957962,-0.611
1647529077288082928,-0.611
1647529077305227652,-0.611
1647529077323979694,-0.611
1647529077343731904,-0.611
1647529077363786341,-0.612
1647529077384129983,-0.612
1647529077403359729,-0.612
1647529077425494235,-0.612
1647529077444724560,-0.612
1647529077463816415,-0.611
1647529077487703886,-0.611
1647529077507488396,-0.611
1647529077527091314,-0.611
1647529077547633743,-0.611
1647529077567911484,-0.604
1647529077588749050,-0.604
1647529077607975842,-0.604
1647529077626234573,-0.604
1647529077647830285,-0.604
1647529077664539880,-0.607
1647529077684358032,-0.607
1647529077705320797,-0.607
1647529077725699847,-0.607
1647529077752840643,-0.607
1647529077768851301,-0.603
1647529077794767597,-0.603
1647529077816124994,-0.603
1647529077838480377,-0.603
1647529077856714525,-0.601
1647529077876154274,-0.601
1647529077895595388,-0.601
1647529077913322475,-0.601
1647529077936978611,-0.601
1647529077960179638,-0.603
1647529077976672740,-0.603
1647529077998732287,-0.603
1647529078017632740,-0.603
1647529078037959459,-0.603
1647529078055546041,-0.602
1647529078076471375,-0.602
1647529078096253663,-0.602
1647529078119355798,-0.602
1647529078135697711,-0.602
1647529078158793953,-0.603
1647529078177079725,-0.603
1647529078196306302,-0.603
1647529078216194411,-0.603
1647529078235163211,-0.603
1647529078260175920,-0.595
1647529078282024411,-0.595
1647529078303168072,-0.595
1647529078322865316,-0.595
1647529078344782582,-0.595
1647529078368205993,-0.595
1647529078384883990,-0.595
1647529078407411161,-0.595
1647529078424503203,-0.595
1647529078446878301,-0.595
1647529078463689026,-0.598
1647529078483814547,-0.598
1647529078504390711,-0.598
1647529078527865525,-0.598
1647529078547447648,-0.598
1647529078566955114,-0.592
1647529078585863291,-0.592
1647529078605543045,-0.592
1647529078617551499,-0.592
1647529078638632672,-0.592
1647529078656126742,-0.595
1647529078680339798,-0.595
1647529078702327383,-0.595
1647529078718368921,-0.595
1647529078738599704,-0.595
1647529078756816458,-0.592
1647529078778336459,-0.592
1647529078797949019,-0.592
1647529078817650539,-0.592
1647529078838025239,-0.592
1647529078856057193,-0.588
1647529078877230209,-0.588
1647529078898364938,-0.588
1647529078917474921,-0.588
1647529078938015294,-0.588
1647529078958107832,-0.585
1647529078977895078,-0.585
1647529078999407889,-0.585
1647529079018599412,-0.585
1647529079043007829,-0.585
1647529079062318455,-0.588
1647529079082143399,-0.588
1647529079102121419,-0.588
1647529079121271769,-0.588
1647529079144244505,-0.588
1647529079162029956,-0.585
1647529079181791668,-0.585
1647529079200862483,-0.585
1647529079222013282,-0.585
1647529079241895786,-0.585
1647529079258071312,-0.589
1647529079276254468,-0.589
1647529079299292292,-0.589
1647529079316439773,-0.589
1647529079338509306,-0.589
1647529079358609377,-0.587
1647529079379017549,-0.587
1647529079396033694,-0.587
1647529079413244510,-0.587
1647529079432423112,-0.587
1647529079454189190,-0.586
1647529079477519812,-0.586
1647529079494824238,-0.586
1647529079518718451,-0.586
1647529079538057681,-0.586
1647529079558401782,-0.582
1647529079580653590,-0.582
1647529079598401451,-0.582
1647529079612605638,-0.582
1647529079628176159,-0.582
1647529079648265580,-0.582
1647529079667542797,-0.581
1647529079687615875,-0.581
1647529079711359976,-0.581
1647529079733444878,-0.581
1647529079755023541,-0.583
1647529079774656886,-0.583
1647529079794277471,-0.583
1647529079816273958,-0.583
1647529079835266616,-0.583
1647529079853236506,-0.583
1647529079875786942,-0.574
1647529079894917058,-0.574
1647529079915600082,-0.574
1647529079935794005,-0.574
1647529079957043914,-0.58
1647529079975279778,-0.58
1647529079993936137,-0.58
1647529080011860824,-0.58
1647529080031744763,-0.58
1647529080056334830,-0.58
1647529080076220632,-0.58
1647529080093420044,-0.58
1647529080111154046,-0.58
1647529080131183220,-0.58
1647529080153980876,-0.579
1647529080175401260,-0.579
1647529080194942362,-0.579
1647529080221220357,-0.579
1647529080241007954,-0.579
1647529080256384812,-0.58
1647529080274909157,-0.58
1647529080293505764,-0.58
1647529080312456717,-0.58
1647529080335916643,-0.58
1647529080355699787,-0.578
1647529080370751915,-0.578
1647529080393751915,-0.578
1647529080411262250,-0.578
1647529080431877551,-0.578
1647529080454721187,-0.576
1647529080478795295,-0.576
1647529080499184248,-0.576
1647529080517133937,-0.576
1647529080535428417,-0.576
1647529080557545966,-0.573
1647529080575335783,-0.573
1647529080599169617,-0.573
1647529080618350701,-0.573
1647529080639075186,-0.573
1647529080656209232,-0.572
1647529080683711313,-0.572
1647529080700492158,-0.572
1647529080715622946,-0.572
1647529080731917908,-0.572
1647529080754528773,-0.579
1647529080775659686,-0.579
1647529080793910844,-0.579
1647529080815845512,-0.579
1647529080843158144,-0.579
1647529080855348969,-0.573
1647529080873990972,-0.573
1647529080892865690,-0.573
1647529080909278669,-0.573
1647529080934410570,-0.573
1647529080951221269,-0.573
1647529080968601301,-0.576
1647529080988158008,-0.576
1647529081007733037,-0.576
1647529081028901951,-0.576
1647529081049862087,-0.576
1647529081063515365,-0.573
1647529081092362488,-0.573
1647529081102724417,-0.573
1647529081132299456,-0.573
1647529081151196693,-0.573
1647529081168226573,-0.571
1647529081188527387,-0.571
1647529081216652956,-0.571
1647529081230687677,-0.571
1647529081252240775,-0.571
1647529081270575979,-0.575
1647529081290363896,-0.575
1647529081308021273,-0.575
1647529081331179061,-0.575
1647529081353591788,-0.572
1647529081373508011,-0.572
1647529081392960285,-0.572
1647529081412118896,-0.572
1647529081432433683,-0.572
1647529081455552010,-0.569
1647529081473957695,-0.569
1647529081495524267,-0.569
1647529081510144705,-0.569
1647529081528440025,-0.569
1647529081552053936,-0.569
1647529081572071390,-0.572
1647529081586613907,-0.572
1647529081609700858,-0.572
1647529081629347564,-0.572
1647529081648967292,-0.572
1647529081666619416,-0.568
1647529081685374299,-0.568
1647529081706921485,-0.568
1647529081729105258,-0.568
1647529081744021226,-0.568
1647529081764376192,-0.569
1647529081783793141,-0.569
1647529081804853400,-0.569
1647529081825289966,-0.569
1647529081845699594,-0.569
1647529081863984197,-0.566
1647529081883844494,-0.566
1647529081905294125,-0.566
1647529081923723428,-0.566
1647529081944079738,-0.566
1647529081963344657,-0.57
1647529081981155989,-0.57
1647529082000556650,-0.57
1647529082022852533,-0.57
1647529082046066108,-0.57
1647529082063493186,-0.569
1647529082085444781,-0.569
1647529082103119509,-0.569
1647529082130474146,-0.569
1647529082151614868,-0.569
1647529082167761442,-0.566
1647529082189000131,-0.566
1647529082206348842,-0.566
1647529082225494139,-0.566
1647529082251986890,-0.566
1647529082264071752,-0.565
1647529082285695287,-0.565
1647529082303767444,-0.565
1647529082324025654,-0.565
1647529082348174919,-0.565
1647529082374630749,-0.574
1647529082386445779,-0.574
1647529082404301546,-0.574
1647529082425008585,-0.574
1647529082446958764,-0.574
1647529082464442063,-0.57
1647529082484348848,-0.57
1647529082503794029,-0.57
1647529082524644432,-0.57
1647529082547819071,-0.57
1647529082565623174,-0.565
1647529082587330001,-0.565
1647529082603364997,-0.565
1647529082624556380,-0.565
1647529082645920241,-0.565
1647529082671839650,-0.568
1647529082691022496,-0.568
1647529082707789342,-0.568
1647529082727396566,-0.568
1647529082751397943,-0.568
1647529082770881638,-0.569
1647529082787928707,-0.569
1647529082812842391,-0.569
1647529082833662925,-0.569
1647529082853740445,-0.57
1647529082873314678,-0.57
1647529082895446532,-0.57
1647529082917214703,-0.57
1647529082935705453,-0.57
1647529082960837641,-0.569
1647529082980521396,-0.569
1647529083003055371,-0.569
1647529083024327161,-0.569
1647529083042828456,-0.569
1647529083060302726,-0.566
1647529083078060792,-0.566
1647529083098651266,-0.566
1647529083121122691,-0.566
1647529083142852468,-0.566
1647529083162746288,-0.567
1647529083178411712,-0.567
1647529083199353011,-0.567
1647529083217151374,-0.567
1647529083235929559,-0.567
1647529083257086757,-0.568
1647529083275167312,-0.568
1647529083294044649,-0.568
1647529083316485218,-0.568
1647529083338014961,-0.568
1647529083358508137,-0.566
1647529083377567180,-0.566
1647529083395173229,-0.566
1647529083416184199,-0.566
1647529083441264135,-0.566
1647529083460911185,-0.566
1647529083480305210,-0.566
1647529083497178408,-0.566
1647529083514615904,-0.566
1647529083533248589,-0.566
1647529083555680152,-0.568
1647529083572312547,-0.568
1647529083590545396,-0.568
1647529083611942825,-0.568
1647529083629781470,-0.568
1647529083652629312,-0.568
1647529083668595075,-0.567
1647529083692186644,-0.567
1647529083708096423,-0.567
1647529083732088721,-0.567
1647529083753779964,-0.567
1647529083774253517,-0.569
1647529083794856074,-0.569
1647529083812598703,-0.569
1647529083832513610,-0.569
1647529083860734078,-0.569
1647529083883676858,-0.569
1647529083906035381,-0.569
1647529083920807527,-0.569
1647529083945205809,-0.569
1647529083967557928,-0.564
1647529083985814728,-0.564
1647529084007052583,-0.564
1647529084025552940,-0.564
1647529084044257595,-0.564
1647529084060279068,-0.568
1647529084083129930,-0.568
1647529084100732645,-0.568
1647529084122927679,-0.568
1647529084145083502,-0.568
1647529084163212247,-0.569
1647529084184912659,-0.569
1647529084199618447,-0.569
1647529084225647309,-0.569
1647529084246792985,-0.569
1647529084262959963,-0.57
1647529084283932453,-0.57
1647529084303585385,-0.57
1647529084326050203,-0.57
1647529084347415228,-0.57
1647529084367743643,-0.569
1647529084385554334,-0.569
1647529084407017719,-0.569
1647529084427382544,-0.569
1647529084446458137,-0.569
1647529084466657914,-0.566
1647529084484193900,-0.566
1647529084503133426,-0.566
1647529084523258014,-0.566
1647529084546518260,-0.566
1647529084566847377,-0.565
1647529084581875792,-0.565
1647529084604038239,-0.565
1647529084626713501,-0.565
1647529084646222738,-0.565
1647529084664060700,-0.564
1647529084686114810,-0.564
1647529084702710232,-0.564
1647529084722193000,-0.564
1647529084744142055,-0.564
1647529084763026283,-0.567
1647529084786680775,-0.567
1647529084803341377,-0.567
1647529084825325488,-0.567
1647529084848044424,-0.567
1647529084866235182,-0.571
1647529084885203898,-0.571
1647529084909045959,-0.571
1647529084925045092,-0.571
1647529084948474273,-0.571
1647529084965782409,-0.574
1647529084985648363,-0.574
1647529085008225546,-0.574
1647529085025356901,-0.574
1647529085047363064,-0.574
1647529085064649466,-0.57
1647529085089528771,-0.57
1647529085103807832,-0.57
1647529085123691634,-0.57
1647529085147198668,-0.57
1647529085166983895,-0.57
1647529085188573960,-0.57
1647529085213879815,-0.57
1647529085232220532,-0.57
1647529085249706772,-0.57
1647529085268536578,-0.57
1647529085286043093,-0.57
1647529085305598794,-0.57
1647529085325077145,-0.57
1647529085344019639,-0.57
1647529085361855744,-0.579
1647529085383228853,-0.579
1647529085405423178,-0.579
1647529085425112850,-0.579
1647529085448035446,-0.579
1647529085463419500,-0.573
1647529085488914802,-0.573
1647529085502751143,-0.573
1647529085528182301,-0.573
1647529085548817328,-0.573
1647529085567606708,-0.574
1647529085585370110,-0.574
1647529085604514691,-0.574
1647529085629591664,-0.574
1647529085644060708,-0.574
1647529085668699562,-0.568
1647529085685064366,-0.568
1647529085703705034,-0.568
1647529085724638850,-0.568
1647529085748661902,-0.568
1647529085772513193,-0.575
1647529085788623683,-0.575
1647529085808601030,-0.575
1647529085825322211,-0.575
1647529085847709697,-0.575
1647529085861876972,-0.57
1647529085884257066,-0.57
1647529085904365162,-0.57
1647529085925487045,-0.57
1647529085945940679,-0.57
1647529085963169112,-0.571
1647529085984322491,-0.571
1647529086001423333,-0.571
1647529086018910352,-0.571
1647529086038937320,-0.571
1647529086057088459,-0.572
1647529086073448668,-0.572
1647529086095004903,-0.572
1647529086115507650,-0.572
1647529086135105769,-0.572
1647529086156674383,-0.575
1647529086177243691,-0.575
1647529086198409115,-0.575
1647529086221082245,-0.575
1647529086240446267,-0.575
1647529086256559715,-0.574
1647529086277509434,-0.574
1647529086298602278,-0.574
1647529086320405654,-0.574
1647529086335690071,-0.574
1647529086356938339,-0.576
1647529086373384345,-0.576
1647529086396415957,-0.576
1647529086414295957,-0.576
1647529086434986742,-0.576
1647529086455544199,-0.575
1647529086471267968,-0.575
1647529086488837237,-0.575
1647529086513593251,-0.575
1647529086535989687,-0.575
1647529086556663985,-0.575
1647529086572931640,-0.575
1647529086593630437,-0.575
1647529086613930625,-0.575
1647529086635931226,-0.575
1647529086656181235,-0.575
1647529086675959400,-0.575
1647529086695230903,-0.575
1647529086714273405,-0.575
1647529086736405463,-0.575
1647529086757850733,-0.575
1647529086778182808,-0.575
1647529086799056509,-0.575
1647529086816964082,-0.575
1647529086838838349,-0.575
1647529086858745887,-0.577
1647529086877880697,-0.577
1647529086893678740,-0.577
1647529086909693297,-0.577
1647529086928375724,-0.577
1647529086948055753,-0.577
1647529086965720720,-0.58
1647529086984214037,-0.58
1647529087001871141,-0.58
1647529087018579772,-0.58
1647529087038083407,-0.58
1647529087060402631,-0.578
1647529087082772119,-0.578
1647529087103478342,-0.578
1647529087124040456,-0.578
1647529087148057136,-0.578
1647529087168489476,-0.579
1647529087186677741,-0.579
1647529087208267384,-0.579
1647529087224070011,-0.579
1647529087249918622,-0.579
1647529087264378522,-0.573
1647529087284134824,-0.573
1647529087303353433,-0.573
1647529087325482339,-0.573
1647529087346400564,-0.573
1647529087365617727,-0.585
1647529087385750653,-0.585
1647529087407302449,-0.585
1647529087428235680,-0.585
1647529087447404594,-0.585
1647529087463630286,-0.584
1647529087483549123,-0.584
1647529087503249096,-0.584
1647529087523578103,-0.584
1647529087546374943,-0.584
1647529087563730254,-0.582
1647529087583067840,-0.582
1647529087606738450,-0.582
1647529087629954987,-0.582
1647529087651222042,-0.582
1647529087667654283,-0.581
1647529087687749156,-0.581
1647529087709819689,-0.581
1647529087728460899,-0.581
1647529087754829456,-0.579
1647529087772098505,-0.579
1647529087795844048,-0.579
1647529087817555076,-0.579
1647529087837550663,-0.579
1647529087858687327,-0.585
1647529087878116056,-0.585
1647529087898405253,-0.585
1647529087918840664,-0.585
1647529087938779987,-0.585
1647529087958978736,-0.587
1647529087981141536,-0.587
1647529087994583358,-0.587
1647529088013108419,-0.587
1647529088034307131,-0.587
1647529088056189435,-0.581
1647529088071497404,-0.581
1647529088094688252,-0.581
1647529088111626781,-0.581
1647529088134163486,-0.581
1647529088153589058,-0.585
1647529088173939787,-0.585
1647529088192364393,-0.585
1647529088211946143,-0.585
1647529088233017735,-0.585
1647529088251186459,-0.585
1647529088268281690,-0.584
1647529088287849659,-0.584
1647529088308261475,-0.584
1647529088323006655,-0.584
1647529088347167588,-0.584
1647529088365501972,-0.588
1647529088387905977,-0.588
1647529088405068244,-0.588
1647529088425956677,-0.588
1647529088445877100,-0.588
1647529088463394603,-0.585
1647529088485595491,-0.585
1647529088502694997,-0.585
1647529088524696974,-0.585
1647529088546990264,-0.585
1647529088567642029,-0.587
1647529088589602028,-0.587
1647529088608083652,-0.587
1647529088626597377,-0.587
1647529088648595032,-0.587
1647529088668814035,-0.585
1647529088692318324,-0.585
1647529088707430458,-0.585
1647529088728445272,-0.585
1647529088753205068,-0.583
1647529088771129490,-0.583
1647529088791336199,-0.583
1647529088813171150,-0.583
1647529088836228922,-0.583
1647529088857480844,-0.583
1647529088874612747,-0.583
1647529088891814233,-0.583
1647529088914325284,-0.583
1647529088935388810,-0.583
1647529088958603249,-0.581
1647529088977728658,-0.581
1647529088997323918,-0.581
1647529089017968461,-0.581
1647529089036676242,-0.581
1647529089058561504,-0.588
1647529089076918381,-0.588
1647529089092982970,-0.588
1647529089109878121,-0.588
1647529089133462779,-0.588
1647529089155506168,-0.592
1647529089177730470,-0.592
1647529089197208372,-0.592
1647529089214390051,-0.592
1647529089237209136,-0.592
1647529089257104540,-0.588
1647529089280815932,-0.588
1647529089301675226,-0.588
1647529089318763017,-0.588
1647529089339927488,-0.588
1647529089357449607,-0.59
1647529089376048735,-0.59
1647529089395858214,-0.59
1647529089419288846,-0.59
1647529089436761359,-0.59
1647529089454909383,-0.59
1647529089474074842,-0.59
1647529089495229810,-0.59
1647529089513854475,-0.59
1647529089534353162,-0.59
1647529089556417639,-0.591
1647529089577895233,-0.591
1647529089600033102,-0.591
1647529089622097146,-0.591
1647529089646458091,-0.591
1647529089657558716,-0.59
1647529089678084097,-0.59
1647529089696214239,-0.59
1647529089717695947,-0.59
1647529089736706980,-0.59
1647529089756494079,-0.588
1647529089781713534,-0.588
1647529089797483786,-0.588
1647529089819686311,-0.588
1647529089844599441,-0.588
1647529089860769384,-0.59
1647529089880195554,-0.59
1647529089903190448,-0.59
1647529089925383891,-0.59
1647529089951650923,-0.59
1647529089972076791,-0.592
1647529089993855543,-0.592
1647529090014300768,-0.592
1647529090036757429,-0.592
1647529090056115989,-0.592
1647529090076297846,-0.592
1647529090096753746,-0.592
1647529090115335303,-0.592
1647529090136468196,-0.592
1647529090158294504,-0.594
1647529090176879686,-0.594
1647529090190513761,-0.594
1647529090214387718,-0.594
1647529090232657084,-0.594
1647529090253762754,-0.596
1647529090273806609,-0.596
1647529090293634100,-0.596
1647529090310979519,-0.596
1647529090328177187,-0.596
1647529090348279987,-0.596
1647529090367592005,-0.593
1647529090385822060,-0.593
1647529090404853277,-0.593
1647529090422747905,-0.593
1647529090445001087,-0.593
1647529090465689823,-0.596
1647529090486307516,-0.596
1647529090502194235,-0.596
1647529090525588852,-0.596
1647529090546965108,-0.596
1647529090565142515,-0.591
1647529090587852997,-0.591
1647529090603869916,-0.591
1647529090624171494,-0.591
1647529090645785683,-0.591
1647529090661768364,-0.595
1647529090687961532,-0.595
1647529090706662216,-0.595
1647529090731739243,-0.595
1647529090748034146,-0.595
1647529090769229657,-0.593
1647529090788053830,-0.593
1647529090813186136,-0.593
1647529090826579204,-0.593
1647529090846230708,-0.593
1647529090862741888,-0.595
1647529090884332535,-0.595
1647529090903761566,-0.595
1647529090925596078,-0.595
1647529090948898103,-0.595
1647529090967989412,-0.595
1647529090988802972,-0.595
1647529091007966406,-0.595
1647529091028355749,-0.595
1647529091053147372,-0.595
1647529091068047981,-0.593
1647529091090445756,-0.593
1647529091112358451,-0.593
1647529091134719349,-0.593
1647529091157359146,-0.592
1647529091177679358,-0.592
1647529091196376077,-0.592
1647529091217606384,-0.592
1647529091237542250,-0.592
1647529091255618066,-0.594
1647529091270598879,-0.594
1647529091290489656,-0.594
1647529091308670572,-0.594
1647529091328261727,-0.594
1647529091350126640,-0.594
1647529091370334043,-0.591
1647529091390050858,-0.591
1647529091409949561,-0.591
1647529091428414487,-0.591
1647529091449512818,-0.591
1647529091470574994,-0.592
1647529091490601294,-0.592
1647529091512423836,-0.592
1647529091531492360,-0.592
1647529091550885879,-0.592
1647529091571152430,-0.591
1647529091590283931,-0.591
1647529091607955753,-0.591
1647529091625983858,-0.591
1647529091646400950,-0.591
1647529091661054842,-0.596
1647529091686587950,-0.596
1647529091703714236,-0.596
1647529091722592863,-0.596
1647529091747091176,-0.596
1647529091765267367,-0.594
1647529091785158998,-0.594
1647529091803665882,-0.594
1647529091820659461,-0.594
1647529091840544484,-0.594
1647529091855604946,-0.593
1647529091880124619,-0.593
1647529091900401056,-0.593
1647529091918777496,-0.593
1647529091937584534,-0.593
1647529091955153619,-0.598
1647529091977639774,-0.598
1647529091999705583,-0.598
1647529092020730345,-0.598
1647529092045242422,-0.598
1647529092060277944,-0.597
1647529092083047589,-0.597
1647529092104344652,-0.597
1647529092130850014,-0.597
1647529092153763712,-0.596
1647529092172445216,-0.596
1647529092193238874,-0.596
1647529092215105085,-0.596
1647529092238352698,-0.596
1647529092261011463,-0.594
1647529092281223985,-0.594
1647529092304035365,-0.594
1647529092325133038,-0.594
1647529092350622447,-0.594
1647529092370492200,-0.595
1647529092391204925,-0.595
1647529092411985381,-0.595
1647529092431720787,-0.595
1647529092448197789,-0.595
1647529092468017223,-0.591
1647529092483845936,-0.591
1647529092500858160,-0.591
1647529092520816447,-0.591
1647529092538448460,-0.591
1647529092558278739,-0.595
1647529092580422222,-0.595
1647529092596998126,-0.595
1647529092614682849,-0.595
1647529092635072286,-0.595
1647529092655748254,-0.598
1647529092672878115,-0.598
1647529092693935489,-0.598
1647529092716049342,-0.598
1647529092734378349,-0.598
1647529092760960176,-0.592
1647529092777523862,-0.592
1647529092800881036,-0.592
1647529092820530765,-0.592
1647529092838263505,-0.592
1647529092856785621,-0.593
1647529092875575029,-0.593
1647529092896380511,-0.593
1647529092914311426,-0.593
1647529092936354711,-0.593
1647529092956307686,-0.595
1647529092975444288,-0.595
1647529092996239818,-0.595
1647529093015758180,-0.595
1647529093036589745,-0.595
1647529093054833852,-0.596
1647529093079824079,-0.596
1647529093097391117,-0.596
1647529093113868117,-0.596
1647529093138548245,-0.596
1647529093159066724,-0.6
1647529093178007476,-0.6
1647529093200523192,-0.6
1647529093219801376,-0.6
1647529093241195741,-0.6
1647529093260569832,-0.597
1647529093280547504,-0.597
1647529093297720113,-0.597
1647529093317046184,-0.597
1647529093343976544,-0.597
1647529093360593590,-0.594
1647529093380476883,-0.594
1647529093408355728,-0.594
1647529093427246136,-0.594
1647529093447084056,-0.594
1647529093465463347,-0.597
1647529093485540867,-0.597
1647529093507804023,-0.597
1647529093527370663,-0.597
1647529093552230043,-0.597
1647529093567173416,-0.591
1647529093587485748,-0.591
1647529093603006541,-0.591
1647529093623121123,-0.591
1647529093645633337,-0.591
1647529093664100212,-0.598
1647529093685086052,-0.598
1647529093704880222,-0.598
1647529093722932601,-0.598
1647529093744992589,-0.598
1647529093765468089,-0.591
1647529093784258272,-0.591
1647529093803552646,-0.591
1647529093823871886,-0.591
1647529093845636510,-0.591
1647529093863765237,-0.595
1647529093887099836,-0.595
1647529093908270116,-0.595
1647529093926533823,-0.595
1647529093947010605,-0.595
1647529093967230504,-0.594
1647529093985549985,-0.594
1647529094007662650,-0.594
1647529094025233843,-0.594
1647529094043116864,-0.594
1647529094062153124,-0.595
1647529094084501897,-0.595
1647529094111346704,-0.595
1647529094133072744,-0.595
1647529094153016808,-0.595
1647529094175386893,-0.595
1647529094194823547,-0.595
1647529094217191137,-0.595
1647529094235503546,-0.595
1647529094255630066,-0.598
1647529094277689372,-0.598
1647529094298508491,-0.598
1647529094318808439,-0.598
1647529094342258637,-0.598
1647529094361090963,-0.592
1647529094381153751,-0.592
1647529094401557360,-0.592
1647529094423365237,-0.592
1647529094445795244,-0.592
1647529094461296673,-0.589
1647529094480565274,-0.589
1647529094502636941,-0.589
1647529094523995483,-0.589
1647529094546282472,-0.589
1647529094567006151,-0.595
1647529094583108234,-0.595
1647529094603106445,-0.595
1647529094624144304,-0.595
1647529094644330029,-0.595
1647529094662687716,-0.59
1647529094683366778,-0.59
1647529094702892378,-0.59
1647529094723746246,-0.59
1647529094747468029,-0.59
1647529094766341796,-0.589
1647529094786991682,-0.589
1647529094804576573,-0.589
1647529094825888383,-0.589
1647529094846430779,-0.589
1647529094872458973,-0.59
1647529094893743593,-0.59
1647529094910525856,-0.59
1647529094925353047,-0.59
1647529094947331802,-0.59
1647529094967683844,-0.592
1647529094987783220,-0.592
1647529095009858746,-0.592
1647529095023529054,-0.592
1647529095043536906,-0.592
1647529095063239896,-0.592
1647529095084219410,-0.592
1647529095103552809,-0.592
1647529095124580179,-0.592
1647529095140668069,-0.592
1647529095163540396,-0.59
1647529095183062246,-0.59
1647529095204328941,-0.59
1647529095223513754,-0.59
1647529095246414078,-0.59
1647529095264431112,-0.583
1647529095286510602,-0.583
1647529095306635161,-0.583
1647529095331731440,-0.583
1647529095355664729,-0.588
1647529095374787575,-0.588
1647529095396007106,-0.588
1647529095415354350,-0.588
1647529095441013645,-0.588
1647529095460494833,-0.585
1647529095479383078,-0.585
1647529095500157163,-0.585
1647529095522720612,-0.585
1647529095547165865,-0.585
1647529095566920508,-0.583
1647529095585841588,-0.583
1647529095603678045,-0.583
1647529095625730498,-0.583
1647529095647985653,-0.583
1647529095666929441,-0.583
1647529095686948787,-0.583
1647529095709119345,-0.583
1647529095727142419,-0.583
1647529095757736385,-0.583
1647529095772285017,-0.588
1647529095794240270,-0.588
1647529095811926353,-0.588
1647529095830689124,-0.588
1647529095856113815,-0.584
1647529095877707749,-0.584
1647529095896640161,-0.584
1647529095915870015,-0.584
1647529095934179896,-0.584
1647529095956208681,-0.587
1647529095974230900,-0.587
1647529095993596380,-0.587
1647529096016846663,-0.587
1647529096035956040,-0.587
1647529096054973246,-0.577
1647529096074898158,-0.577
1647529096096857407,-0.577
1647529096120275235,-0.577
1647529096137248081,-0.577
1647529096162011012,-0.581
1647529096182978586,-0.581
1647529096205452142,-0.581
1647529096221785526,-0.581
1647529096244788248,-0.581
1647529096262721942,-0.583
1647529096287812463,-0.583
1647529096306755276,-0.583
1647529096330967436,-0.583
1647529096350543175,-0.583
1647529096372961774,-0.582
1647529096392063257,-0.582
1647529096407732224,-0.582
1647529096428733367,-0.582
1647529096447028787,-0.582
1647529096464287936,-0.583
1647529096485361757,-0.583
1647529096504066053,-0.583
1647529096522802767,-0.583
1647529096545308477,-0.583
1647529096563209347,-0.58
1647529096584124345,-0.58
1647529096603616334,-0.58
1647529096625411916,-0.58
1647529096646694041,-0.58
1647529096662550573,-0.58
1647529096681160180,-0.58
1647529096700129429,-0.58
1647529096721360396,-0.58
1647529096746033060,-0.58
1647529096762270467,-0.574
1647529096785961397,-0.574
1647529096805376502,-0.574
1647529096824890538,-0.574
1647529096844666414,-0.574
1647529096865517552,-0.582
1647529096885091047,-0.582
1647529096902702425,-0.582
1647529096923600863,-0.582
1647529096950673384,-0.582
1647529096966736728,-0.579
1647529096986520828,-0.579
1647529097006639457,-0.579
1647529097024046824,-0.579
1647529097042415835,-0.579
1647529097061120334,-0.575
1647529097081771413,-0.575
1647529097102251781,-0.575
1647529097122882213,-0.575
1647529097151174519,-0.575
1647529097167461141,-0.576
1647529097188011360,-0.576
1647529097213509175,-0.576
1647529097230127143,-0.576
1647529097251014480,-0.576
1647529097266408075,-0.579
1647529097293766418,-0.579
1647529097313901968,-0.579
1647529097335498205,-0.579
1647529097357034716,-0.579
1647529097378160053,-0.579
1647529097398047552,-0.579
1647529097420978308,-0.579
1647529097445312161,-0.579
1647529097461557564,-0.579
1647529097480199881,-0.579
1647529097500399833,-0.579
1647529097522272962,-0.579
1647529097546053072,-0.579
1647529097564309798,-0.579
1647529097582412914,-0.579
1647529097602792473,-0.579
1647529097624373926,-0.579
1647529097646757682,-0.579
1647529097667520701,-0.577
1647529097687998586,-0.577
1647529097707233169,-0.577
1647529097729876330,-0.577
1647529097751483818,-0.577
1647529097767700537,-0.571
1647529097789169774,-0.571
1647529097802706419,-0.571
1647529097823762851,-0.571
1647529097843986958,-0.571
1647529097862795303,-0.575
1647529097886265151,-0.575
1647529097906755373,-0.575
1647529097924577041,-0.575
1647529097946763813,-0.575
1647529097963032034,-0.576
1647529097984742426,-0.576
1647529098000976105,-0.576
1647529098022816784,-0.576
1647529098044368608,-0.576
1647529098067213598,-0.575
1647529098085732992,-0.575
1647529098103324918,-0.575
1647529098123431688,-0.575
1647529098146702674,-0.575
1647529098164095802,-0.573
1647529098183056601,-0.573
1647529098202719756,-0.573
1647529098221079680,-0.573
1647529098247230666,-0.573
1647529098266520524,-0.575
1647529098285383274,-0.575
1647529098304848526,-0.575
1647529098327734816,-0.575
1647529098347086636,-0.575
1647529098367087853,-0.576
1647529098387277223,-0.576
1647529098407665618,-0.576
1647529098425081240,-0.576
1647529098443916290,-0.576
1647529098462309611,-0.573
1647529098484685000,-0.573
1647529098508082348,-0.573
1647529098530781372,-0.573
1647529098551180040,-0.573
1647529098572113214,-0.575
1647529098591631151,-0.575
1647529098614093294,-0.575
1647529098636312937,-0.575
1647529098656609708,-0.572
1647529098675719281,-0.572
1647529098696404710,-0.572
1647529098713531758,-0.572
1647529098736158386,-0.572
1647529098759801817,-0.571
1647529098776540799,-0.571
1647529098796609354,-0.571
1647529098815635985,-0.571
1647529098836207334,-0.571
1647529098853875168,-0.571
1647529098875482016,-0.566
1647529098894665724,-0.566
1647529098910410118,-0.566
1647529098930687559,-0.566
1647529098953675643,-0.575
1647529098972146343,-0.575
1647529098990580942,-0.575
1647529099011573188,-0.575
1647529099034954110,-0.575
1647529099057806759,-0.573
1647529099077340515,-0.573
1647529099100321159,-0.573
1647529099112256892,-0.573
1647529099134485335,-0.573
1647529099155352540,-0.571
1647529099172600595,-0.571
1647529099193088606,-0.571
1647529099212000405,-0.571
1647529099232270426,-0.571
1647529099258788669,-0.569
1647529099280717600,-0.569
1647529099297925501,-0.569
1647529099318144159,-0.569
1647529099340227773,-0.569
1647529099357167650,-0.567
1647529099375539874,-0.567
1647529099403516819,-0.567
1647529099418297130,-0.567
1647529099438460144,-0.567
1647529099455725881,-0.57
1647529099475308012,-0.57
1647529099496106260,-0.57
1647529099515330893,-0.57
1647529099533213449,-0.57
1647529099555088145,-0.566
1647529099578624552,-0.566
1647529099597493538,-0.566
1647529099619046059,-0.566
1647529099639878085,-0.566
1647529099654916489,-0.564
1647529099675433350,-0.564
1647529099693232417,-0.564
1647529099713237500,-0.564
1647529099738021822,-0.564
1647529099757727089,-0.566
1647529099776204624,-0.566
1647529099795308679,-0.566
1647529099815376676,-0.566
1647529099834498611,-0.566
1647529099854790128,-0.57
1647529099872707405,-0.57
1647529099892659615,-0.57
1647529099912925328,-0.57
1647529099936687983,-0.57
1647529099960509078,-0.566
1647529099978159748,-0.566
1647529099996706873,-0.566
1647529100017083590,-0.566
1647529100038087371,-0.566
1647529100058627023,-0.566
1647529100082694014,-0.566
1647529100103210263,-0.566
1647529100128121617,-0.566
1647529100144322545,-0.566
1647529100162697923,-0.566
1647529100183667078,-0.566
1647529100199956528,-0.566
1647529100221278873,-0.566
1647529100245743450,-0.566
1647529100264433496,-0.561
1647529100285996428,-0.561
1647529100307293809,-0.561
1647529100327016288,-0.561
1647529100347352795,-0.561
1647529100370610527,-0.568
1647529100392511469,-0.568
1647529100415171530,-0.568
1647529100434793464,-0.568
1647529100460296203,-0.567
1647529100467169585,-0.567
1647529100490941371,-0.567
1647529100511102569,-0.567
1647529100527647359,-0.567
1647529100547517651,-0.567
1647529100566281487,-0.566
1647529100587110437,-0.566
1647529100606143694,-0.566
1647529100627335564,-0.566
1647529100644596317,-0.566
1647529100663408137,-0.561
1647529100683746229,-0.561
1647529100708320750,-0.561
1647529100731157452,-0.561
1647529100753272029,-0.561
1647529100770271831,-0.564
1647529100792366818,-0.564
1647529100812126788,-0.564
1647529100834086152,-0.564
1647529100851025489,-0.564
1647529100866572229,-0.563
1647529100886058715,-0.563
1647529100907539470,-0.563
1647529100932022541,-0.563
1647529100956065556,-0.561
1647529100976296427,-0.561
1647529100994787519,-0.561
1647529101015959361,-0.561
1647529101035619646,-0.561
1647529101055795103,-0.564
1647529101074967277,-0.564
1647529101093016619,-0.564
1647529101116080973,-0.564
1647529101137091628,-0.564
1647529101158442437,-0.557
1647529101180415318,-0.557
1647529101199582849,-0.557
1647529101222601261,-0.557
1647529101244072056,-0.557
1647529101262922042,-0.56
1647529101285287724,-0.56
1647529101305012159,-0.56
1647529101325354868,-0.56
1647529101348741578,-0.56
1647529101367502823,-0.563
1647529101386011505,-0.563
1647529101405800165,-0.563
1647529101423144053,-0.563
1647529101444221641,-0.563
1647529101464822946,-0.557
1647529101487408467,-0.557
1647529101506507762,-0.557
1647529101525347115,-0.557
1647529101546900220,-0.557
1647529101564430789,-0.559
1647529101584332789,-0.559
1647529101604023604,-0.559
1647529101619757413,-0.559
1647529101640476041,-0.559
1647529101654647397,-0.557
1647529101676642547,-0.557
1647529101697953067,-0.557
1647529101717981840,-0.557
1647529101738275572,-0.557
1647529101757615226,-0.556
1647529101775553399,-0.556
1647529101795662185,-0.556
1647529101817159412,-0.556
1647529101836271977,-0.556
1647529101854061755,-0.558
1647529101871227369,-0.558
1647529101892118716,-0.558
1647529101910771181,-0.558
1647529101933877775,-0.558
1647529101956741845,-0.556
1647529101976885796,-0.556
1647529101998188680,-0.556
1647529102017186959,-0.556
1647529102037453814,-0.556
1647529102057887283,-0.556
1647529102074684885,-0.556
1647529102095572753,-0.556
1647529102117635175,-0.556
1647529102143665737,-0.556
1647529102160198083,-0.548
1647529102180994581,-0.548
1647529102206694327,-0.548
1647529102227904884,-0.548
1647529102251494371,-0.548
1647529102271398392,-0.551
1647529102290555463,-0.551
1647529102317442189,-0.551
1647529102339659668,-0.551
1647529102355850407,-0.557
1647529102374027189,-0.557
1647529102390724294,-0.557
1647529102409806248,-0.557
1647529102430886250,-0.557
1647529102451172867,-0.557
1647529102467977878,-0.551
1647529102490771332,-0.551
1647529102508093864,-0.551
1647529102530155073,-0.551
1647529102549976920,-0.551
1647529102572688709,-0.557
1647529102594512076,-0.557
1647529102615271716,-0.557
1647529102634297776,-0.557
1647529102652322019,-0.55
1647529102676952381,-0.55
1647529102695964438,-0.55
1647529102715338415,-0.55
1647529102735366284,-0.55
1647529102755431672,-0.546
1647529102772627394,-0.546
1647529102792909472,-0.546
1647529102811317423,-0.546
1647529102833290543,-0.546
1647529102852254125,-0.546
1647529102868879696,-0.554
1647529102892246595,-0.554
1647529102908733770,-0.554
1647529102931732285,-0.554
1647529102946788567,-0.554
1647529102964912465,-0.557
1647529102984170798,-0.557
1647529103006469729,-0.557
1647529103023336686,-0.557
1647529103047369458,-0.557
1647529103061273289,-0.555
1647529103083192268,-0.555
1647529103106023456,-0.555
1647529103127555216,-0.555
1647529103148379897,-0.555
1647529103167920510,-0.552
1647529103184686941,-0.552
1647529103209821734,-0.552
1647529103230055398,-0.552
1647529103251155311,-0.552
1647529103267482631,-0.55
1647529103285726099,-0.55
1647529103308360839,-0.55
1647529103333957677,-0.55
1647529103353129060,-0.554
1647529103372319822,-0.554
1647529103391526821,-0.554
1647529103413911602,-0.554
1647529103436329040,-0.554
1647529103454965344,-0.548
1647529103477002815,-0.548
1647529103495613428,-0.548
1647529103515992178,-0.548
1647529103535606233,-0.548
1647529103554889773,-0.55
1647529103575157481,-0.55
1647529103592298113,-0.55
1647529103611879185,-0.55
1647529103628712669,-0.55
1647529103647133514,-0.55
1647529103666356348,-0.547
1647529103683153779,-0.547
1647529103700517081,-0.547
1647529103720662178,-0.547
1647529103743748023,-0.547
1647529103762249059,-0.553
1647529103783564982,-0.553
1647529103803551986,-0.553
1647529103823114195,-0.553
1647529103844089814,-0.553
1647529103861260165,-0.548
1647529103884673725,-0.548
1647529103904535883,-0.548
1647529103927410013,-0.548
1647529103945005613,-0.548
1647529103963390607,-0.548
1647529103985130558,-0.548
1647529104007190043,-0.548
1647529104026709932,-0.548
1647529104047947344,-0.548
1647529104070579949,-0.553
1647529104092990107,-0.553
1647529104110410267,-0.553
1647529104132644433,-0.553
1647529104155527017,-0.551
1647529104173555728,-0.551
1647529104194559806,-0.551
1647529104216620451,-0.551
1647529104237955540,-0.551
1647529104257408513,-0.544
1647529104278932611,-0.544
1647529104300968053,-0.544
1647529104320522437,-0.544
1647529104344685093,-0.544
1647529104363073744,-0.547
1647529104383258911,-0.547
1647529104403396580,-0.547
1647529104420626287,-0.547
1647529104442334696,-0.547
1647529104463003308,-0.554
1647529104485861079,-0.554
1647529104508496973,-0.554
1647529104527971395,-0.554
1647529104549063112,-0.554
1647529104570990754,-0.548
1647529104590157473,-0.548
1647529104612369557,-0.548
1647529104632790864,-0.548
1647529104656788600,-0.552
1647529104675531195,-0.552
1647529104694259451,-0.552
1647529104716099341,-0.552
1647529104735282242,-0.552
1647529104756880453,-0.546
1647529104784976280,-0.546
1647529104792824803,-0.546
1647529104815266870,-0.546
1647529104832147463,-0.546
1647529104854122788,-0.546
1647529104874457021,-0.546
1647529104894202914,-0.546
1647529104917202832,-0.546
1647529104934138528,-0.546
1647529104956023201,-0.55
1647529104981344498,-0.55
1647529105000740609,-0.55
1647529105020856986,-0.55
1647529105041079318,-0.55
1647529105057192655,-0.552
1647529105080017535,-0.552
1647529105101073703,-0.552
1647529105120306633,-0.552
1647529105145153123,-0.552
1647529105162362172,-0.552
1647529105182677037,-0.552
1647529105203027257,-0.552
1647529105222871149,-0.552
1647529105245583599,-0.552
1647529105261716320,-0.55
1647529105284131165,-0.55
1647529105301514355,-0.55
1647529105319788807,-0.55
1647529105343796018,-0.55
1647529105366086503,-0.551
1647529105382919900,-0.551
1647529105403043092,-0.551
1647529105427440716,-0.551
1647529105449728577,-0.551
1647529105466921740,-0.547
1647529105487445274,-0.547
1647529105501806900,-0.547
1647529105524361128,-0.547
1647529105546263393,-0.547
1647529105565848047,-0.554
1647529105586838179,-0.554
1647529105610734587,-0.554
1647529105631006348,-0.554
1647529105646688687,-0.554
1647529105665219831,-0.548
1647529105685119782,-0.548
1647529105704023604,-0.548
1647529105725462557,-0.548
1647529105745710192,-0.548
1647529105772131811,-0.55
1647529105785931525,-0.55
1647529105803960839,-0.55
1647529105820519206,-0.55
1647529105843150391,-0.55
1647529105858520780,-0.548
1647529105876611534,-0.548
1647529105894377826,-0.548
1647529105915326139,-0.548
1647529105936262330,-0.548
1647529105956104430,-0.55
1647529105975625382,-0.55
1647529105994962553,-0.55
1647529106016578753,-0.55
1647529106032560535,-0.55
1647529106057234936,-0.547
1647529106077106577,-0.547
1647529106094278406,-0.547
1647529106115127028,-0.547
1647529106134621277,-0.547
1647529106153141041,-0.548
1647529106171367717,-0.548
1647529106192879260,-0.548
1647529106214888010,-0.548
1647529106239738593,-0.548
1647529106255521648,-0.55
1647529106274085403,-0.55
1647529106295502004,-0.55
1647529106316433491,-0.55
1647529106336108750,-0.55
1647529106356991049,-0.546
1647529106378899467,-0.546
1647529106395440286,-0.546
1647529106414747382,-0.546
1647529106437668647,-0.546
1647529106456641386,-0.555
1647529106470101612,-0.555
1647529106492726491,-0.555
1647529106514355273,-0.555
1647529106541899391,-0.555
1647529106558660802,-0.554
1647529106577748244,-0.554
1647529106600719073,-0.554
1647529106619857125,-0.554
1647529106643556993,-0.554
1647529106661081546,-0.548
1647529106682928105,-0.548
1647529106702273348,-0.548
1647529106723711638,-0.548
1647529106747973425,-0.548
1647529106767737354,-0.548
1647529106788448137,-0.548
1647529106804642504,-0.548
1647529106829199779,-0.548
1647529106848556208,-0.548
1647529106868850805,-0.551
1647529106883876139,-0.551
1647529106905656087,-0.551
1647529106925484524,-0.551
1647529106947926760,-0.551
1647529106965682829,-0.554
1647529106986865077,-0.554
1647529107007222933,-0.554
1647529107023665892,-0.554
1647529107045438614,-0.554
1647529107071414707,-0.555
1647529107093472985,-0.555
1647529107116744179,-0.555
1647529107133705526,-0.555
1647529107155008712,-0.548
1647529107173893798,-0.548
1647529107197590734,-0.548
1647529107214870136,-0.548
1647529107234450722,-0.548
1647529107252207427,-0.547
1647529107276306607,-0.547
1647529107295062229,-0.547
1647529107315152425,-0.547
1647529107339149037,-0.547
1647529107357047815,-0.545
1647529107379662417,-0.545
1647529107397489872,-0.545
1647529107417213248,-0.545
1647529107436629969,-0.545
1647529107462465221,-0.543
1647529107478318877,-0.543
1647529107496803337,-0.543
1647529107517031712,-0.543
1647529107540486328,-0.543
1647529107560906139,-0.544
1647529107583529378,-0.544
1647529107604499245,-0.544
1647529107623313967,-0.544
1647529107644796199,-0.544
1647529107664488564,-0.54
1647529107684093008,-0.54
1647529107702863891,-0.54
1647529107723461374,-0.54
1647529107751609097,-0.54
1647529107769869368,-0.538
1647529107787133078,-0.538
1647529107806345540,-0.538
1647529107825503916,-0.538
1647529107847644844,-0.538
1647529107865502341,-0.534
1647529107886701874,-0.534
1647529107906705783,-0.534
1647529107927925481,-0.534
1647529107947069864,-0.534
1647529107964759533,-0.525
1647529107983873401,-0.525
1647529108005011294,-0.525
1647529108025310122,-0.525
1647529108047377909,-0.525
1647529108064177373,-0.522
1647529108084240261,-0.522
1647529108106776102,-0.522
1647529108124889954,-0.522
1647529108146987897,-0.522
1647529108170547035,-0.516
1647529108190509841,-0.516
1647529108211978716,-0.516
1647529108233840057,-0.516
1647529108254668340,-0.513
1647529108272313514,-0.513
1647529108293858647,-0.513
1647529108312209733,-0.513
1647529108332989792,-0.513
1647529108350142686,-0.513
1647529108370233903,-0.505
1647529108390409123,-0.505
1647529108412477725,-0.505
1647529108433351792,-0.505
1647529108453603521,-0.495
1647529108472217972,-0.495
1647529108492461973,-0.495
1647529108517266875,-0.495
1647529108535675463,-0.495
1647529108556704123,-0.485
1647529108576700629,-0.485
1647529108596808284,-0.485
1647529108614943711,-0.485
1647529108636917319,-0.485
1647529108655369871,-0.479
1647529108671768839,-0.479
1647529108691384054,-0.479
1647529108712457293,-0.479
1647529108731509452,-0.479
1647529108756022781,-0.463
1647529108776673371,-0.463
1647529108799821456,-0.463
1647529108825116237,-0.463
1647529108843225419,-0.463
1647529108862555201,-0.456
1647529108882513366,-0.456
1647529108903627943,-0.456
1647529108920380771,-0.456
1647529108939969075,-0.456
1647529108960473058,-0.446
1647529108979980802,-0.446
1647529108999928885,-0.446
1647529109022209746,-0.446
1647529109044696401,-0.446
1647529109063209405,-0.432
1647529109083756444,-0.432
1647529109102008783,-0.432
1647529109122238581,-0.432
1647529109146154567,-0.432
1647529109164677170,-0.42
1647529109184142806,-0.42
1647529109206563816,-0.42
1647529109223629407,-0.42
1647529109242572247,-0.42
1647529109260591610,-0.407
1647529109280829527,-0.407
1647529109304779780,-0.407
1647529109327329135,-0.407
1647529109346263843,-0.407
1647529109367079046,-0.4
1647529109386405370,-0.4
1647529109409290618,-0.4
1647529109429503438,-0.4
1647529109449647015,-0.4
1647529109466669860,-0.387
1647529109485085138,-0.387
1647529109507035357,-0.387
1647529109529527750,-0.387
1647529109547136536,-0.387
1647529109567155991,-0.367
1647529109585130456,-0.367
1647529109605428619,-0.367
1647529109625182392,-0.367
1647529109645367932,-0.367
1647529109663155894,-0.361
1647529109687039254,-0.361
1647529109704112035,-0.361
1647529109730189885,-0.361
1647529109749033048,-0.361
1647529109769494466,-0.342
1647529109792234253,-0.342
1647529109812011756,-0.342
1647529109834246820,-0.342
1647529109852599672,-0.329
1647529109873127494,-0.329
1647529109890268910,-0.329
1647529109908679733,-0.329
1647529109930304136,-0.329
1647529109950690371,-0.329
1647529109971835098,-0.315
1647529109990467838,-0.315
1647529110010172811,-0.315
1647529110031855049,-0.315
1647529110055128722,-0.303
1647529110073447564,-0.303
1647529110092058202,-0.303
1647529110110431416,-0.303
1647529110127813941,-0.303
1647529110149008501,-0.303
1647529110162360668,-0.289
1647529110182729446,-0.289
1647529110204288342,-0.289
1647529110224665463,-0.289
1647529110250672933,-0.289
1647529110269858130,-0.275
1647529110289672749,-0.275
1647529110309412437,-0.275
1647529110324625987,-0.275
1647529110350554974,-0.275
1647529110371815289,-0.254
1647529110396807109,-0.254
1647529110418152360,-0.254
1647529110434370541,-0.254
1647529110455481459,-0.24
1647529110475926590,-0.24
1647529110495768164,-0.24
1647529110515286033,-0.24
1647529110533317333,-0.24
1647529110555855832,-0.222
1647529110576043425,-0.222
1647529110596469988,-0.222
1647529110620491441,-0.222
1647529110640050237,-0.222
1647529110659416152,-0.218
1647529110678422207,-0.218
1647529110698294157,-0.218
1647529110722626714,-0.218
1647529110743788986,-0.218
1647529110763446243,-0.202
1647529110784474707,-0.202
1647529110802168077,-0.202
1647529110825153646,-0.202
1647529110842949341,-0.202
1647529110861804681,-0.183
1647529110882579957,-0.183
1647529110902413786,-0.183
1647529110922330076,-0.183
1647529110943603916,-0.183
1647529110965642346,-0.177
1647529110982632291,-0.177
1647529111001882006,-0.177
1647529111023956319,-0.177
1647529111043377766,-0.177
1647529111060150085,-0.164
1647529111084527293,-0.164
1647529111106801718,-0.164
1647529111123758512,-0.164
1647529111145155373,-0.164
1647529111163439930,-0.145
1647529111186997295,-0.145
1647529111201214258,-0.145
1647529111220642061,-0.145
1647529111244306150,-0.145
1647529111263101986,-0.128
1647529111284284336,-0.128
1647529111304680971,-0.128
1647529111322927883,-0.128
1647529111346548607,-0.128
1647529111366809402,-0.12
1647529111390077385,-0.12
1647529111410063252,-0.12
1647529111427328950,-0.12
1647529111450352746,-0.12
1647529111469338005,-0.111
1647529111494388106,-0.111
1647529111512938354,-0.111
1647529111532418950,-0.111
1647529111554425210,-0.098
1647529111573967071,-0.098
1647529111595873671,-0.098
1647529111616782197,-0.098
1647529111637481514,-0.098
1647529111656595748,-0.086
1647529111678566904,-0.086
1647529111699372090,-0.086
1647529111722728926,-0.086
1647529111745854923,-0.086
1647529111762783775,-0.08
1647529111784016068,-0.08
1647529111812605134,-0.08
1647529111826212797,-0.08
1647529111844694945,-0.08
1647529111858938794,-0.071
1647529111883395379,-0.071
1647529111902363660,-0.071
1647529111930222623,-0.071
1647529111946895658,-0.071
1647529111966991303,-0.065
1647529111987969703,-0.065
1647529112010793228,-0.065
1647529112032430391,-0.065
1647529112052367593,-0.065
1647529112071547894,-0.07
1647529112090060271,-0.07
1647529112107663496,-0.07
1647529112130186758,-0.07
1647529112152053686,-0.07
1647529112171881236,-0.07
1647529112192477959,-0.07
1647529112212190096,-0.07
1647529112233646387,-0.07
1647529112255218045,-0.075
1647529112271165173,-0.075
1647529112291625345,-0.075
1647529112310310336,-0.075
1647529112331672919,-0.075
1647529112353707739,-0.081
1647529112377110080,-0.081
1647529112393827071,-0.081
1647529112409502523,-0.081
1647529112433543969,-0.081
1647529112454916674,-0.082
1647529112476811915,-0.082
1647529112495994825,-0.082
1647529112515533672,-0.082
1647529112535873573,-0.082
1647529112558093341,-0.085
1647529112580557141,-0.085
1647529112603197318,-0.085
1647529112620860589,-0.085
1647529112642307415,-0.085
1647529112660848584,-0.091
1647529112680638967,-0.091
1647529112702733406,-0.091
1647529112723241460,-0.091
1647529112743066932,-0.091
1647529112763444118,-0.09
1647529112782732810,-0.09
1647529112806218887,-0.09
1647529112825126136,-0.09
1647529112845436900,-0.09
1647529112864730793,-0.095
1647529112882973171,-0.095
1647529112906452897,-0.095
1647529112926930762,-0.095
1647529112946401213,-0.095
1647529112964421144,-0.091
1647529112982860378,-0.091
1647529113004650398,-0.091
1647529113024624329,-0.091
1647529113045072269,-0.091
1647529113061716169,-0.09
1647529113080203846,-0.09
1647529113102147729,-0.09
1647529113122230556,-0.09
1647529113145043169,-0.09
1647529113167230008,-0.092
1647529113184282491,-0.092
1647529113203028222,-0.092
1647529113225228610,-0.092
1647529113245649357,-0.092
1647529113264829676,-0.09
1647529113284921914,-0.09
1647529113304509650,-0.09
1647529113325768868,-0.09
1647529113347056549,-0.09
1647529113367341360,-0.092
1647529113388105462,-0.092
1647529113405388024,-0.092
1647529113424922561,-0.092
1647529113446809489,-0.092
1647529113460049166,-0.09
1647529113483710600,-0.09
1647529113502026823,-0.09
1647529113525046370,-0.09
1647529113544784537,-0.09
1647529113564177211,-0.091
1647529113584692322,-0.091
1647529113606641954,-0.091
1647529113626420546,-0.091
1647529113651624774,-0.091
1647529113667008867,-0.085
1647529113689362285,-0.085
1647529113709152170,-0.085
1647529113726569860,-0.085
1647529113748795386,-0.085
1647529113770826105,-0.084
1647529113791741586,-0.084
1647529113814891921,-0.084
1647529113834863158,-0.084
1647529113857989666,-0.081
1647529113877000446,-0.081
1647529113897871643,-0.081
1647529113920631378,-0.081
1647529113937699183,-0.081
1647529113957832429,-0.076
1647529113977846950,-0.076
1647529113994704594,-0.076
1647529114015019488,-0.076
1647529114035293746,-0.076
1647529114055286162,-0.081
1647529114075732736,-0.081
1647529114096020800,-0.081
1647529114121262454,-0.081
1647529114142562062,-0.081
1647529114164790490,-0.079
1647529114183620074,-0.079
1647529114202287145,-0.079
1647529114226072488,-0.079
1647529114247878032,-0.079
1647529114263332668,-0.082
1647529114282484814,-0.082
1647529114304293818,-0.082
1647529114326619621,-0.082
1647529114348875794,-0.082
1647529114371254731,-0.079
1647529114387262024,-0.079
1647529114403267854,-0.079
1647529114421982162,-0.079
1647529114446920589,-0.079
1647529114466624796,-0.085
1647529114486046381,-0.085
1647529114503021116,-0.085
1647529114523817741,-0.085
1647529114544690824,-0.085
1647529114568187829,-0.084
1647529114589540842,-0.084
1647529114607491137,-0.084
1647529114629494774,-0.084
1647529114657007453,-0.084
1647529114672827194,-0.083
1647529114691010454,-0.083
1647529114710019925,-0.083
1647529114727811463,-0.083
1647529114746881975,-0.083
1647529114766993157,-0.086
1647529114784144723,-0.086
1647529114804892552,-0.086
1647529114824865512,-0.086
1647529114845156202,-0.086
1647529114868079166,-0.084
1647529114888109292,-0.084
1647529114913845455,-0.084
1647529114929182140,-0.084
1647529114946831796,-0.084
1647529114967318218,-0.094
1647529114986533123,-0.094
1647529115008862305,-0.094
1647529115031200490,-0.094
1647529115050196036,-0.094
1647529115069864147,-0.081
1647529115090799150,-0.081
1647529115113082413,-0.081
1647529115134730182,-0.081
1647529115153481856,-0.083
1647529115166708611,-0.083
1647529115185288957,-0.083
1647529115207334443,-0.083
1647529115229372623,-0.083
1647529115252821756,-0.085
1647529115272066764,-0.085
1647529115290920339,-0.085
