%time,field.channels0,field.channels1,field.channels2,field.channels3,field.channels4,field.channels5,field.channels6,field.channels7
1648135428822548203,1500,1500,1500,1500,1500,1500,1500,1500
1648135428973126723,1500,1500,1500,1500,1500,1500,1500,1500
1648135433612161753,1500,1500,1391,1500,1500,1500,1500,1500
1648135433631598942,1500,1500,1391,1500,1500,1500,1500,1500
1648135433652014109,1500,1500,1391,1500,1500,1500,1500,1500
1648135433670695721,1500,1500,1391,1500,1500,1500,1500,1500
1648135433691234754,1500,1500,1391,1500,1500,1500,1500,1500
1648135433712805634,1500,1500,1391,1500,1500,1500,1500,1500
1648135433732688400,1500,1500,1391,1500,1500,1500,1500,1500
1648135433752607253,1500,1500,1391,1500,1500,1500,1500,1500
1648135433771357202,1500,1500,1391,1500,1500,1500,1500,1500
1648135433792919950,1500,1500,1391,1500,1500,1500,1500,1500
1648135433816389697,1500,1500,1391,1500,1500,1500,1500,1500
1648135433831458271,1500,1500,1391,1500,1500,1500,1500,1500
1648135433852583182,1500,1500,1391,1500,1500,1500,1500,1500
1648135433871348779,1500,1500,1391,1500,1500,1500,1500,1500
1648135433890577896,1500,1500,1391,1500,1500,1500,1500,1500
1648135433911822198,1500,1500,1391,1500,1500,1500,1500,1500
1648135433932405739,1500,1500,1391,1500,1500,1500,1500,1500
1648135433951714110,1500,1500,1391,1500,1500,1500,1500,1500
1648135433972902932,1500,1500,1391,1500,1500,1500,1500,1500
1648135433990774156,1500,1500,1391,1500,1500,1500,1500,1500
1648135434012356351,1500,1500,1391,1500,1500,1500,1500,1500
1648135434032653108,1500,1500,1391,1500,1500,1500,1500,1500
1648135434055082100,1500,1500,1391,1500,1500,1500,1500,1500
1648135434070672375,1500,1500,1391,1500,1500,1500,1500,1500
1648135434091930728,1500,1500,1391,1500,1500,1500,1500,1500
1648135434112288682,1500,1500,1391,1500,1500,1500,1500,1500
1648135434131815729,1500,1500,1391,1500,1500,1500,1500,1500
1648135434151086177,1500,1500,1391,1500,1500,1500,1500,1500
1648135434170753675,1500,1500,1391,1500,1500,1500,1500,1500
1648135434193721885,1500,1500,1392,1500,1500,1500,1500,1500
1648135434213285995,1500,1500,1392,1500,1500,1500,1500,1500
1648135434232075756,1500,1500,1392,1500,1500,1500,1500,1500
1648135434253248599,1500,1500,1392,1500,1500,1500,1500,1500
1648135434270743532,1500,1500,1392,1500,1500,1500,1500,1500
1648135434291996587,1500,1500,1392,1500,1500,1500,1500,1500
1648135434312486070,1500,1500,1392,1500,1500,1500,1500,1500
1648135434333223096,1500,1500,1392,1500,1500,1500,1500,1500
1648135434351947302,1500,1500,1392,1500,1500,1500,1500,1500
1648135434372087467,1500,1500,1392,1500,1500,1500,1500,1500
1648135434392238442,1500,1500,1394,1500,1500,1500,1500,1500
1648135434410955791,1500,1500,1394,1500,1500,1500,1500,1500
1648135434431883219,1500,1500,1394,1500,1500,1500,1500,1500
1648135434452088157,1500,1500,1394,1500,1500,1500,1500,1500
1648135434472159514,1500,1500,1394,1500,1500,1500,1500,1500
1648135434492992942,1500,1500,1394,1500,1500,1500,1500,1500
1648135434513214396,1500,1500,1394,1500,1500,1500,1500,1500
1648135434532361576,1500,1500,1394,1500,1500,1500,1500,1500
1648135434552520394,1500,1500,1394,1500,1500,1500,1500,1500
1648135434573106126,1500,1500,1394,1500,1500,1500,1500,1500
1648135434590862320,1500,1500,1396,1500,1500,1500,1500,1500
1648135434612901012,1500,1500,1396,1500,1500,1500,1500,1500
1648135434632078984,1500,1500,1396,1500,1500,1500,1500,1500
1648135434652351616,1500,1500,1396,1500,1500,1500,1500,1500
1648135434671026529,1500,1500,1396,1500,1500,1500,1500,1500
1648135434695204647,1500,1500,1398,1500,1500,1500,1500,1500
1648135434712668959,1500,1500,1398,1500,1500,1500,1500,1500
1648135434733117184,1500,1500,1398,1500,1500,1500,1500,1500
1648135434752407770,1500,1500,1398,1500,1500,1500,1500,1500
1648135434772338639,1500,1500,1398,1500,1500,1500,1500,1500
1648135434794237343,1500,1500,1399,1500,1500,1500,1500,1500
1648135434811921437,1500,1500,1399,1500,1500,1500,1500,1500
1648135434831663787,1500,1500,1399,1500,1500,1500,1500,1500
1648135434852914614,1500,1500,1399,1500,1500,1500,1500,1500
1648135434870999054,1500,1500,1399,1500,1500,1500,1500,1500
1648135434892091926,1500,1500,1400,1500,1500,1500,1500,1500
1648135434910994918,1500,1500,1400,1500,1500,1500,1500,1500
1648135434932909225,1500,1500,1400,1500,1500,1500,1500,1500
1648135434953092752,1500,1500,1400,1500,1500,1500,1500,1500
1648135434972271488,1500,1500,1400,1500,1500,1500,1500,1500
1648135434992704573,1500,1500,1402,1500,1500,1500,1500,1500
1648135435011443842,1500,1500,1402,1500,1500,1500,1500,1500
1648135435033175761,1500,1500,1402,1500,1500,1500,1500,1500
1648135435052630073,1500,1500,1402,1500,1500,1500,1500,1500
1648135435071402543,1500,1500,1402,1500,1500,1500,1500,1500
1648135435092199421,1500,1500,1404,1500,1500,1500,1500,1500
1648135435110950907,1500,1500,1404,1500,1500,1500,1500,1500
1648135435133521300,1500,1500,1404,1500,1500,1500,1500,1500
1648135435153713035,1500,1500,1404,1500,1500,1500,1500,1500
1648135435171970790,1500,1500,1404,1500,1500,1500,1500,1500
1648135435191217590,1500,1500,1406,1500,1500,1500,1500,1500
1648135435213010825,1500,1500,1406,1500,1500,1500,1500,1500
1648135435233162216,1500,1500,1406,1500,1500,1500,1500,1500
1648135435251903634,1500,1500,1406,1500,1500,1500,1500,1500
1648135435272116504,1500,1500,1406,1500,1500,1500,1500,1500
1648135435292916047,1500,1500,1407,1500,1500,1500,1500,1500
1648135435313122030,1500,1500,1407,1500,1500,1500,1500,1500
1648135435332223069,1500,1500,1407,1500,1500,1500,1500,1500
1648135435352309615,1500,1500,1407,1500,1500,1500,1500,1500
1648135435371788167,1500,1500,1407,1500,1500,1500,1500,1500
1648135435390967772,1500,1500,1410,1500,1500,1500,1500,1500
1648135435413958506,1500,1500,1410,1500,1500,1500,1500,1500
1648135435432892263,1500,1500,1410,1500,1500,1500,1500,1500
1648135435452005542,1500,1500,1410,1500,1500,1500,1500,1500
1648135435471337337,1500,1500,1410,1500,1500,1500,1500,1500
1648135435492752893,1500,1500,1411,1500,1500,1500,1500,1500
1648135435512093650,1500,1500,1411,1500,1500,1500,1500,1500
1648135435532175115,1500,1500,1411,1500,1500,1500,1500,1500
1648135435552794241,1500,1500,1411,1500,1500,1500,1500,1500
1648135435571741249,1500,1500,1411,1500,1500,1500,1500,1500
1648135435590813622,1500,1500,1413,1500,1500,1500,1500,1500
1648135435611782832,1500,1500,1413,1500,1500,1500,1500,1500
1648135435631974260,1500,1500,1413,1500,1500,1500,1500,1500
1648135435653358179,1500,1500,1413,1500,1500,1500,1500,1500
1648135435672515251,1500,1500,1413,1500,1500,1500,1500,1500
1648135435691908045,1500,1500,1415,1500,1500,1500,1500,1500
1648135435712369851,1500,1500,1415,1500,1500,1500,1500,1500
1648135435730917252,1500,1500,1415,1500,1500,1500,1500,1500
1648135435753988971,1500,1500,1415,1500,1500,1500,1500,1500
1648135435772442628,1500,1500,1415,1500,1500,1500,1500,1500
1648135435792023845,1500,1500,1417,1500,1500,1500,1500,1500
1648135435813671863,1500,1500,1417,1500,1500,1500,1500,1500
1648135435831139927,1500,1500,1417,1500,1500,1500,1500,1500
1648135435852912703,1500,1500,1417,1500,1500,1500,1500,1500
1648135435871179067,1500,1500,1417,1500,1500,1500,1500,1500
1648135435891176014,1500,1500,1420,1500,1500,1500,1500,1500
1648135435912611771,1500,1500,1420,1500,1500,1500,1500,1500
1648135435933159112,1500,1500,1420,1500,1500,1500,1500,1500
1648135435952839536,1500,1500,1420,1500,1500,1500,1500,1500
1648135435972775626,1500,1500,1420,1500,1500,1500,1500,1500
1648135435992482278,1500,1500,1421,1500,1500,1500,1500,1500
1648135436014095985,1500,1500,1421,1500,1500,1500,1500,1500
1648135436032032927,1500,1500,1421,1500,1500,1500,1500,1500
1648135436051534822,1500,1500,1421,1500,1500,1500,1500,1500
1648135436070920705,1500,1500,1421,1500,1500,1500,1500,1500
1648135436091995620,1500,1500,1422,1500,1500,1500,1500,1500
1648135436111417195,1500,1500,1422,1500,1500,1500,1500,1500
1648135436131066533,1500,1500,1422,1500,1500,1500,1500,1500
1648135436153811118,1500,1500,1422,1500,1500,1500,1500,1500
1648135436173138481,1500,1500,1422,1500,1500,1500,1500,1500
1648135436192691723,1500,1500,1424,1500,1500,1500,1500,1500
1648135436212338759,1500,1500,1424,1500,1500,1500,1500,1500
1648135436231593761,1500,1500,1424,1500,1500,1500,1500,1500
1648135436253595235,1500,1500,1424,1500,1500,1500,1500,1500
1648135436270289875,1500,1500,1424,1500,1500,1500,1500,1500
1648135436292192274,1500,1500,1426,1500,1500,1500,1500,1500
1648135436311835943,1500,1500,1426,1500,1500,1500,1500,1500
1648135436331168209,1500,1500,1426,1500,1500,1500,1500,1500
1648135436353443890,1500,1500,1426,1500,1500,1500,1500,1500
1648135436372028676,1500,1500,1426,1500,1500,1500,1500,1500
1648135436392481997,1500,1500,1428,1500,1500,1500,1500,1500
1648135436414499152,1500,1500,1428,1500,1500,1500,1500,1500
1648135436432160263,1500,1500,1428,1500,1500,1500,1500,1500
1648135436454422442,1500,1500,1428,1500,1500,1500,1500,1500
1648135436472597962,1500,1500,1428,1500,1500,1500,1500,1500
1648135436492524630,1500,1500,1429,1500,1500,1500,1500,1500
1648135436512311044,1500,1500,1429,1500,1500,1500,1500,1500
1648135436534031746,1500,1500,1429,1500,1500,1500,1500,1500
1648135436553390379,1500,1500,1429,1500,1500,1500,1500,1500
1648135436573255821,1500,1500,1429,1500,1500,1500,1500,1500
1648135436592579112,1500,1500,1430,1500,1500,1500,1500,1500
1648135436612140412,1500,1500,1430,1500,1500,1500,1500,1500
1648135436632373462,1500,1500,1430,1500,1500,1500,1500,1500
1648135436651914157,1500,1500,1430,1500,1500,1500,1500,1500
1648135436671197295,1500,1500,1430,1500,1500,1500,1500,1500
1648135436691686094,1500,1500,1432,1500,1500,1500,1500,1500
1648135436713283589,1500,1500,1432,1500,1500,1500,1500,1500
1648135436732727983,1500,1500,1432,1500,1500,1500,1500,1500
1648135436752473156,1500,1500,1432,1500,1500,1500,1500,1500
1648135436772179060,1500,1500,1432,1500,1500,1500,1500,1500
1648135436791346850,1500,1500,1434,1500,1500,1500,1500,1500
1648135436812400413,1500,1500,1434,1500,1500,1500,1500,1500
1648135436832979490,1500,1500,1434,1500,1500,1500,1500,1500
1648135436852011367,1500,1500,1434,1500,1500,1500,1500,1500
1648135436873101471,1500,1500,1434,1500,1500,1500,1500,1500
1648135436892990944,1500,1500,1435,1500,1500,1500,1500,1500
1648135436911975986,1500,1500,1435,1500,1500,1500,1500,1500
1648135436932498207,1500,1500,1435,1500,1500,1500,1500,1500
1648135436952405513,1500,1500,1435,1500,1500,1500,1500,1500
1648135436973043607,1500,1500,1435,1500,1500,1500,1500,1500
1648135436993087283,1500,1500,1436,1500,1500,1500,1500,1500
1648135437014870524,1500,1500,1436,1500,1500,1500,1500,1500
1648135437032468696,1500,1500,1436,1500,1500,1500,1500,1500
1648135437054064734,1500,1500,1436,1500,1500,1500,1500,1500
1648135437070825943,1500,1500,1436,1500,1500,1500,1500,1500
1648135437091116398,1500,1500,1437,1500,1500,1500,1500,1500
1648135437114440713,1500,1500,1437,1500,1500,1500,1500,1500
1648135437134391732,1500,1500,1437,1500,1500,1500,1500,1500
1648135437153658279,1500,1500,1437,1500,1500,1500,1500,1500
1648135437172426565,1500,1500,1437,1500,1500,1500,1500,1500
1648135437192560968,1500,1500,1438,1500,1500,1500,1500,1500
1648135437210268795,1500,1500,1438,1500,1500,1500,1500,1500
1648135437233469389,1500,1500,1438,1500,1500,1500,1500,1500
1648135437253042457,1500,1500,1438,1500,1500,1500,1500,1500
1648135437271558054,1500,1500,1438,1500,1500,1500,1500,1500
1648135437290207921,1500,1500,1439,1500,1500,1500,1500,1500
1648135437313407187,1500,1500,1439,1500,1500,1500,1500,1500
1648135437332996044,1500,1500,1439,1500,1500,1500,1500,1500
1648135437352782332,1500,1500,1439,1500,1500,1500,1500,1500
1648135437372415498,1500,1500,1439,1500,1500,1500,1500,1500
1648135437392086516,1500,1500,1440,1500,1500,1500,1500,1500
1648135437413365950,1500,1500,1440,1500,1500,1500,1500,1500
1648135437432535712,1500,1500,1440,1500,1500,1500,1500,1500
1648135437454127432,1500,1500,1440,1500,1500,1500,1500,1500
1648135437473170657,1500,1500,1440,1500,1500,1500,1500,1500
1648135437491671942,1500,1500,1441,1500,1500,1500,1500,1500
1648135437513222581,1500,1500,1441,1500,1500,1500,1500,1500
1648135437533180280,1500,1500,1441,1500,1500,1500,1500,1500
1648135437552287027,1500,1500,1441,1500,1500,1500,1500,1500
1648135437573214015,1500,1500,1441,1500,1500,1500,1500,1500
1648135437592784192,1500,1500,1442,1500,1500,1500,1500,1500
1648135437613045250,1500,1500,1442,1500,1500,1500,1500,1500
1648135437633177396,1500,1500,1442,1500,1500,1500,1500,1500
1648135437651448608,1500,1500,1442,1500,1500,1500,1500,1500
1648135437672657745,1500,1500,1442,1500,1500,1500,1500,1500
1648135437693220532,1500,1500,1442,1500,1500,1500,1500,1500
1648135437713267326,1500,1500,1442,1500,1500,1500,1500,1500
1648135437730444992,1500,1500,1442,1500,1500,1500,1500,1500
1648135437753880445,1500,1500,1442,1500,1500,1500,1500,1500
1648135437773049696,1500,1500,1442,1500,1500,1500,1500,1500
1648135437791196265,1500,1500,1444,1500,1500,1500,1500,1500
1648135437815009630,1500,1500,1444,1500,1500,1500,1500,1500
1648135437832643005,1500,1500,1444,1500,1500,1500,1500,1500
1648135437852351963,1500,1500,1444,1500,1500,1500,1500,1500
1648135437871248119,1500,1500,1444,1500,1500,1500,1500,1500
1648135437894543745,1500,1500,1444,1500,1500,1500,1500,1500
1648135437913154080,1500,1500,1444,1500,1500,1500,1500,1500
1648135437933793841,1500,1500,1444,1500,1500,1500,1500,1500
1648135437952225621,1500,1500,1444,1500,1500,1500,1500,1500
1648135437973556005,1500,1500,1444,1500,1500,1500,1500,1500
1648135437992475816,1500,1500,1445,1500,1500,1500,1500,1500
1648135438013138731,1500,1500,1445,1500,1500,1500,1500,1500
1648135438033086485,1500,1500,1445,1500,1500,1500,1500,1500
1648135438053251523,1500,1500,1445,1500,1500,1500,1500,1500
1648135438071397594,1500,1500,1445,1500,1500,1500,1500,1500
1648135438093137105,1500,1500,1446,1500,1500,1500,1500,1500
1648135438112472758,1500,1500,1446,1500,1500,1500,1500,1500
1648135438130820078,1500,1500,1446,1500,1500,1500,1500,1500
1648135438155004197,1500,1500,1446,1500,1500,1500,1500,1500
1648135438173302917,1500,1500,1446,1500,1500,1500,1500,1500
1648135438193347446,1500,1500,1446,1500,1500,1500,1500,1500
1648135438212596447,1500,1500,1446,1500,1500,1500,1500,1500
1648135438233422585,1500,1500,1446,1500,1500,1500,1500,1500
1648135438253484673,1500,1500,1446,1500,1500,1500,1500,1500
1648135438272471641,1500,1500,1446,1500,1500,1500,1500,1500
1648135438290665115,1500,1500,1447,1500,1500,1500,1500,1500
1648135438311359056,1500,1500,1447,1500,1500,1500,1500,1500
1648135438333859005,1500,1500,1447,1500,1500,1500,1500,1500
1648135438353539346,1500,1500,1447,1500,1500,1500,1500,1500
1648135438372390122,1500,1500,1447,1500,1500,1500,1500,1500
1648135438393854346,1500,1500,1447,1500,1500,1500,1500,1500
1648135438414547775,1500,1500,1447,1500,1500,1500,1500,1500
1648135438431451393,1500,1500,1447,1500,1500,1500,1500,1500
1648135438453702377,1500,1500,1447,1500,1500,1500,1500,1500
1648135438472007469,1500,1500,1447,1500,1500,1500,1500,1500
1648135438490027963,1500,1500,1447,1500,1500,1500,1500,1500
1648135438513141328,1500,1500,1447,1500,1500,1500,1500,1500
1648135438532491413,1500,1500,1447,1500,1500,1500,1500,1500
1648135438552777979,1500,1500,1447,1500,1500,1500,1500,1500
1648135438572866015,1500,1500,1447,1500,1500,1500,1500,1500
1648135438592913466,1500,1500,1448,1500,1500,1500,1500,1500
1648135438613894243,1500,1500,1448,1500,1500,1500,1500,1500
1648135438633083070,1500,1500,1448,1500,1500,1500,1500,1500
1648135438655074585,1500,1500,1448,1500,1500,1500,1500,1500
1648135438671971552,1500,1500,1448,1500,1500,1500,1500,1500
1648135438690379644,1500,1500,1448,1500,1500,1500,1500,1500
1648135438711503730,1500,1500,1448,1500,1500,1500,1500,1500
1648135438730653829,1500,1500,1448,1500,1500,1500,1500,1500
1648135438752699314,1500,1500,1448,1500,1500,1500,1500,1500
1648135438772114143,1500,1500,1448,1500,1500,1500,1500,1500
1648135438790510412,1500,1500,1449,1500,1500,1500,1500,1500
1648135438813163633,1500,1500,1449,1500,1500,1500,1500,1500
1648135438832723147,1500,1500,1449,1500,1500,1500,1500,1500
1648135438853331969,1500,1500,1449,1500,1500,1500,1500,1500
1648135438871740308,1500,1500,1449,1500,1500,1500,1500,1500
1648135438891759862,1500,1500,1449,1500,1500,1500,1500,1500
1648135438912825054,1500,1500,1449,1500,1500,1500,1500,1500
1648135438932614271,1500,1500,1449,1500,1500,1500,1500,1500
1648135438953012260,1500,1500,1449,1500,1500,1500,1500,1500
1648135438972632699,1500,1500,1449,1500,1500,1500,1500,1500
1648135438993355757,1500,1500,1449,1500,1500,1500,1500,1500
1648135439013735263,1500,1500,1449,1500,1500,1500,1500,1500
1648135439032256614,1500,1500,1449,1500,1500,1500,1500,1500
1648135439053128418,1500,1500,1449,1500,1500,1500,1500,1500
1648135439070067903,1500,1500,1449,1500,1500,1500,1500,1500
1648135439093239466,1500,1500,1449,1500,1500,1500,1500,1500
1648135439113328563,1500,1500,1449,1500,1500,1500,1500,1500
1648135439132790754,1500,1500,1449,1500,1500,1500,1500,1500
1648135439152005293,1500,1500,1449,1500,1500,1500,1500,1500
1648135439171710859,1500,1500,1449,1500,1500,1500,1500,1500
1648135439190453307,1500,1500,1449,1500,1500,1500,1500,1500
1648135439213971715,1500,1500,1449,1500,1500,1500,1500,1500
1648135439233707249,1500,1500,1449,1500,1500,1500,1500,1500
1648135439250403870,1500,1500,1449,1500,1500,1500,1500,1500
1648135439271243444,1500,1500,1449,1500,1500,1500,1500,1500
1648135439293702264,1500,1500,1450,1500,1500,1500,1500,1500
1648135439311891061,1500,1500,1450,1500,1500,1500,1500,1500
1648135439330813444,1500,1500,1450,1500,1500,1500,1500,1500
1648135439352106067,1500,1500,1450,1500,1500,1500,1500,1500
1648135439369362174,1500,1500,1450,1500,1500,1500,1500,1500
1648135439390626354,1500,1500,1449,1500,1500,1500,1500,1500
1648135439410617305,1500,1500,1449,1500,1500,1500,1500,1500
1648135439431646134,1500,1500,1449,1500,1500,1500,1500,1500
1648135439451316707,1500,1500,1449,1500,1500,1500,1500,1500
1648135439469583117,1500,1500,1449,1500,1500,1500,1500,1500
1648135439491225243,1500,1500,1450,1500,1500,1500,1500,1500
1648135439510384553,1500,1500,1450,1500,1500,1500,1500,1500
1648135439531139302,1500,1500,1450,1500,1500,1500,1500,1500
1648135439554051152,1500,1500,1450,1500,1500,1500,1500,1500
1648135439572866041,1500,1500,1450,1500,1500,1500,1500,1500
1648135439590703559,1500,1500,1450,1500,1500,1500,1500,1500
1648135439614550610,1500,1500,1450,1500,1500,1500,1500,1500
1648135439631955917,1500,1500,1450,1500,1500,1500,1500,1500
1648135439652200696,1500,1500,1450,1500,1500,1500,1500,1500
1648135439672339214,1500,1500,1450,1500,1500,1500,1500,1500
1648135439691831735,1500,1500,1450,1500,1500,1500,1500,1500
1648135439710765056,1500,1500,1450,1500,1500,1500,1500,1500
1648135439730991417,1500,1500,1450,1500,1500,1500,1500,1500
1648135439754773892,1500,1500,1450,1500,1500,1500,1500,1500
1648135439772794810,1500,1500,1450,1500,1500,1500,1500,1500
1648135439790444016,1500,1500,1450,1500,1500,1500,1500,1500
1648135439814529764,1500,1500,1450,1500,1500,1500,1500,1500
1648135439833053387,1500,1500,1450,1500,1500,1500,1500,1500
1648135439851404496,1500,1500,1450,1500,1500,1500,1500,1500
1648135439870060013,1500,1500,1450,1500,1500,1500,1500,1500
1648135439891016306,1500,1500,1450,1500,1500,1500,1500,1500
1648135439912418157,1500,1500,1450,1500,1500,1500,1500,1500
1648135439932697987,1500,1500,1450,1500,1500,1500,1500,1500
1648135439951760616,1500,1500,1450,1500,1500,1500,1500,1500
1648135439972473677,1500,1500,1450,1500,1500,1500,1500,1500
1648135439992579804,1500,1500,1450,1500,1500,1500,1500,1500
1648135440012983656,1500,1500,1450,1500,1500,1500,1500,1500
1648135440031087541,1500,1500,1450,1500,1500,1500,1500,1500
1648135440051957842,1500,1500,1450,1500,1500,1500,1500,1500
1648135440071514776,1500,1500,1450,1500,1500,1500,1500,1500
1648135440090800323,1500,1500,1450,1500,1500,1500,1500,1500
1648135440111683603,1500,1500,1450,1500,1500,1500,1500,1500
1648135440131442465,1500,1500,1450,1500,1500,1500,1500,1500
1648135440150910933,1500,1500,1450,1500,1500,1500,1500,1500
1648135440171846696,1500,1500,1450,1500,1500,1500,1500,1500
1648135440191566502,1500,1500,1450,1500,1500,1500,1500,1500
1648135440213539296,1500,1500,1450,1500,1500,1500,1500,1500
1648135440231632132,1500,1500,1450,1500,1500,1500,1500,1500
1648135440254961023,1500,1500,1450,1500,1500,1500,1500,1500
1648135440272854282,1500,1500,1450,1500,1500,1500,1500,1500
1648135440292417761,1500,1500,1450,1500,1500,1500,1500,1500
1648135440313055383,1500,1500,1450,1500,1500,1500,1500,1500
1648135440332001071,1500,1500,1450,1500,1500,1500,1500,1500
1648135440352445878,1500,1500,1450,1500,1500,1500,1500,1500
1648135440371687436,1500,1500,1450,1500,1500,1500,1500,1500
1648135440390474351,1500,1500,1450,1500,1500,1500,1500,1500
1648135440413645385,1500,1500,1450,1500,1500,1500,1500,1500
1648135440431301862,1500,1500,1450,1500,1500,1500,1500,1500
1648135440451639506,1500,1500,1450,1500,1500,1500,1500,1500
1648135440470559014,1500,1500,1450,1500,1500,1500,1500,1500
1648135440491983422,1500,1500,1450,1500,1500,1500,1500,1500
1648135440511350777,1500,1500,1450,1500,1500,1500,1500,1500
1648135440532890670,1500,1500,1450,1500,1500,1500,1500,1500
1648135440552861757,1500,1500,1450,1500,1500,1500,1500,1500
1648135440572686883,1500,1500,1450,1500,1500,1500,1500,1500
1648135440591701812,1500,1500,1450,1500,1500,1500,1500,1500
1648135440612401688,1500,1500,1450,1500,1500,1500,1500,1500
1648135440635203201,1500,1500,1450,1500,1500,1500,1500,1500
1648135440652760781,1500,1500,1450,1500,1500,1500,1500,1500
1648135440670716181,1500,1500,1450,1500,1500,1500,1500,1500
1648135440691512775,1500,1500,1450,1500,1500,1500,1500,1500
1648135440710910886,1500,1500,1450,1500,1500,1500,1500,1500
1648135440732473892,1500,1500,1450,1500,1500,1500,1500,1500
1648135440752702814,1500,1500,1450,1500,1500,1500,1500,1500
1648135440772133474,1500,1500,1450,1500,1500,1500,1500,1500
1648135440791612379,1500,1500,1450,1500,1500,1500,1500,1500
1648135440811303499,1500,1500,1450,1500,1500,1500,1500,1500
1648135440830754620,1500,1500,1450,1500,1500,1500,1500,1500
1648135440852659844,1500,1500,1450,1500,1500,1500,1500,1500
1648135440871051969,1500,1500,1450,1500,1500,1500,1500,1500
1648135440891747733,1500,1500,1449,1500,1500,1500,1500,1500
1648135440912357086,1500,1500,1449,1500,1500,1500,1500,1500
1648135440930855562,1500,1500,1449,1500,1500,1500,1500,1500
1648135440952128789,1500,1500,1449,1500,1500,1500,1500,1500
1648135440972472468,1500,1500,1449,1500,1500,1500,1500,1500
1648135440990470668,1500,1500,1449,1500,1500,1500,1500,1500
1648135441012730223,1500,1500,1449,1500,1500,1500,1500,1500
1648135441032338473,1500,1500,1449,1500,1500,1500,1500,1500
1648135441051274674,1500,1500,1449,1500,1500,1500,1500,1500
1648135441070197491,1500,1500,1449,1500,1500,1500,1500,1500
1648135441092097591,1500,1500,1449,1500,1500,1500,1500,1500
1648135441112733342,1500,1500,1449,1500,1500,1500,1500,1500
1648135441134020626,1500,1500,1449,1500,1500,1500,1500,1500
1648135441150742903,1500,1500,1449,1500,1500,1500,1500,1500
1648135441170884715,1500,1500,1449,1500,1500,1500,1500,1500
1648135441191981301,1500,1500,1449,1500,1500,1500,1500,1500
1648135441214660616,1500,1500,1449,1500,1500,1500,1500,1500
1648135441231976841,1500,1500,1449,1500,1500,1500,1500,1500
1648135441252396768,1500,1500,1449,1500,1500,1500,1500,1500
1648135441270642183,1500,1500,1449,1500,1500,1500,1500,1500
1648135441290657439,1500,1500,1450,1500,1500,1500,1500,1500
1648135441313249985,1500,1500,1450,1500,1500,1500,1500,1500
1648135441333501648,1500,1500,1450,1500,1500,1500,1500,1500
1648135441353180760,1500,1500,1450,1500,1500,1500,1500,1500
1648135441372791346,1500,1500,1450,1500,1500,1500,1500,1500
1648135441392755064,1500,1500,1449,1500,1500,1500,1500,1500
1648135441412492603,1500,1500,1449,1500,1500,1500,1500,1500
1648135441432081365,1500,1500,1449,1500,1500,1500,1500,1500
1648135441453198656,1500,1500,1449,1500,1500,1500,1500,1500
1648135441470451922,1500,1500,1449,1500,1500,1500,1500,1500
1648135441493438533,1500,1500,1449,1500,1500,1500,1500,1500
1648135441513023779,1500,1500,1449,1500,1500,1500,1500,1500
1648135441531758787,1500,1500,1449,1500,1500,1500,1500,1500
1648135441553933184,1500,1500,1449,1500,1500,1500,1500,1500
1648135441573159891,1500,1500,1449,1500,1500,1500,1500,1500
1648135441592905432,1500,1500,1448,1500,1500,1500,1500,1500
1648135441612152198,1500,1500,1448,1500,1500,1500,1500,1500
1648135441633612624,1500,1500,1448,1500,1500,1500,1500,1500
1648135441653175378,1500,1500,1448,1500,1500,1500,1500,1500
1648135441672350727,1500,1500,1448,1500,1500,1500,1500,1500
1648135441692043708,1500,1500,1448,1500,1500,1500,1500,1500
1648135441711657407,1500,1500,1448,1500,1500,1500,1500,1500
1648135441733597212,1500,1500,1448,1500,1500,1500,1500,1500
1648135441752539133,1500,1500,1448,1500,1500,1500,1500,1500
1648135441771946732,1500,1500,1448,1500,1500,1500,1500,1500
1648135441792014172,1500,1500,1448,1500,1500,1500,1500,1500
1648135441813435202,1500,1500,1448,1500,1500,1500,1500,1500
1648135441833135815,1500,1500,1448,1500,1500,1500,1500,1500
1648135441852701121,1500,1500,1448,1500,1500,1500,1500,1500
1648135441871728787,1500,1500,1448,1500,1500,1500,1500,1500
1648135441891852730,1500,1500,1448,1500,1500,1500,1500,1500
1648135441911848240,1500,1500,1448,1500,1500,1500,1500,1500
1648135441932918442,1500,1500,1448,1500,1500,1500,1500,1500
1648135441952332652,1500,1500,1448,1500,1500,1500,1500,1500
1648135441972317529,1500,1500,1448,1500,1500,1500,1500,1500
1648135441992366010,1500,1500,1448,1500,1500,1500,1500,1500
1648135442011500708,1500,1500,1448,1500,1500,1500,1500,1500
1648135442031014399,1500,1500,1448,1500,1500,1500,1500,1500
1648135442052326716,1500,1500,1448,1500,1500,1500,1500,1500
1648135442071421458,1500,1500,1448,1500,1500,1500,1500,1500
1648135442091267133,1500,1500,1447,1500,1500,1500,1500,1500
1648135442112729186,1500,1500,1447,1500,1500,1500,1500,1500
1648135442132685712,1500,1500,1447,1500,1500,1500,1500,1500
1648135442152456914,1500,1500,1447,1500,1500,1500,1500,1500
1648135442174578212,1500,1500,1447,1500,1500,1500,1500,1500
1648135442192345934,1500,1500,1447,1500,1500,1500,1500,1500
1648135442211576094,1500,1500,1447,1500,1500,1500,1500,1500
1648135442231085997,1500,1500,1447,1500,1500,1500,1500,1500
1648135442253141078,1500,1500,1447,1500,1500,1500,1500,1500
1648135442271278267,1500,1500,1447,1500,1500,1500,1500,1500
1648135442292899119,1500,1500,1447,1500,1500,1500,1500,1500
1648135442313577001,1500,1500,1447,1500,1500,1500,1500,1500
1648135442332825169,1500,1500,1447,1500,1500,1500,1500,1500
1648135442352246012,1500,1500,1447,1500,1500,1500,1500,1500
1648135442372333760,1500,1500,1447,1500,1500,1500,1500,1500
1648135442392386091,1500,1500,1447,1500,1500,1500,1500,1500
1648135442411485840,1500,1500,1447,1500,1500,1500,1500,1500
1648135442430885380,1500,1500,1447,1500,1500,1500,1500,1500
1648135442452138015,1500,1500,1447,1500,1500,1500,1500,1500
1648135442472320187,1500,1500,1447,1500,1500,1500,1500,1500
1648135442492517359,1500,1500,1446,1500,1500,1500,1500,1500
1648135442513601305,1500,1500,1446,1500,1500,1500,1500,1500
1648135442532594262,1500,1500,1446,1500,1500,1500,1500,1500
1648135442553603630,1500,1500,1446,1500,1500,1500,1500,1500
1648135442571903316,1500,1500,1446,1500,1500,1500,1500,1500
1648135442592211541,1500,1500,1446,1500,1500,1500,1500,1500
1648135442614722123,1500,1500,1446,1500,1500,1500,1500,1500
1648135442633053773,1500,1500,1446,1500,1500,1500,1500,1500
1648135442653198783,1500,1500,1446,1500,1500,1500,1500,1500
1648135442672858701,1500,1500,1446,1500,1500,1500,1500,1500
1648135442692376877,1500,1500,1446,1500,1500,1500,1500,1500
1648135442713015775,1500,1500,1446,1500,1500,1500,1500,1500
1648135442731994247,1500,1500,1446,1500,1500,1500,1500,1500
1648135442752810098,1500,1500,1446,1500,1500,1500,1500,1500
1648135442772471679,1500,1500,1446,1500,1500,1500,1500,1500
1648135442792168922,1500,1500,1445,1500,1500,1500,1500,1500
1648135442812581133,1500,1500,1445,1500,1500,1500,1500,1500
1648135442833168981,1500,1500,1445,1500,1500,1500,1500,1500
1648135442853943857,1500,1500,1445,1500,1500,1500,1500,1500
1648135442871169354,1500,1500,1445,1500,1500,1500,1500,1500
1648135442893258208,1500,1500,1444,1500,1500,1500,1500,1500
1648135442912294649,1500,1500,1444,1500,1500,1500,1500,1500
1648135442930293842,1500,1500,1444,1500,1500,1500,1500,1500
1648135442953291016,1500,1500,1444,1500,1500,1500,1500,1500
1648135442972796306,1500,1500,1444,1500,1500,1500,1500,1500
1648135442992527878,1500,1500,1444,1500,1500,1500,1500,1500
1648135443012712785,1500,1500,1444,1500,1500,1500,1500,1500
1648135443031803508,1500,1500,1444,1500,1500,1500,1500,1500
1648135443052715728,1500,1500,1444,1500,1500,1500,1500,1500
1648135443072355745,1500,1500,1444,1500,1500,1500,1500,1500
1648135443091716451,1500,1500,1444,1500,1500,1500,1500,1500
1648135443113210664,1500,1500,1444,1500,1500,1500,1500,1500
1648135443133055096,1500,1500,1444,1500,1500,1500,1500,1500
1648135443150871109,1500,1500,1444,1500,1500,1500,1500,1500
1648135443172322004,1500,1500,1444,1500,1500,1500,1500,1500
1648135443192171546,1500,1500,1444,1500,1500,1500,1500,1500
1648135443212044427,1500,1500,1444,1500,1500,1500,1500,1500
1648135443233389102,1500,1500,1444,1500,1500,1500,1500,1500
1648135443252546886,1500,1500,1444,1500,1500,1500,1500,1500
1648135443271939280,1500,1500,1444,1500,1500,1500,1500,1500
1648135443292108708,1500,1500,1443,1500,1500,1500,1500,1500
1648135443311511615,1500,1500,1443,1500,1500,1500,1500,1500
1648135443331278896,1500,1500,1443,1500,1500,1500,1500,1500
1648135443353564196,1500,1500,1443,1500,1500,1500,1500,1500
1648135443372815575,1500,1500,1443,1500,1500,1500,1500,1500
1648135443390522352,1500,1500,1443,1500,1500,1500,1500,1500
1648135443414814487,1500,1500,1443,1500,1500,1500,1500,1500
1648135443431426968,1500,1500,1443,1500,1500,1500,1500,1500
1648135443452651060,1500,1500,1443,1500,1500,1500,1500,1500
1648135443472459720,1500,1500,1443,1500,1500,1500,1500,1500
1648135443494882720,1500,1500,1443,1500,1500,1500,1500,1500
1648135443512044505,1500,1500,1443,1500,1500,1500,1500,1500
1648135443533852354,1500,1500,1443,1500,1500,1500,1500,1500
1648135443554536825,1500,1500,1443,1500,1500,1500,1500,1500
1648135443573252272,1500,1500,1443,1500,1500,1500,1500,1500
1648135443594390395,1500,1500,1442,1500,1500,1500,1500,1500
1648135443612255526,1500,1500,1442,1500,1500,1500,1500,1500
1648135443630284208,1500,1500,1442,1500,1500,1500,1500,1500
1648135443653876127,1500,1500,1442,1500,1500,1500,1500,1500
1648135443670715092,1500,1500,1442,1500,1500,1500,1500,1500
1648135443690774282,1500,1500,1441,1500,1500,1500,1500,1500
1648135443712350833,1500,1500,1441,1500,1500,1500,1500,1500
1648135443733879708,1500,1500,1441,1500,1500,1500,1500,1500
1648135443753386366,1500,1500,1441,1500,1500,1500,1500,1500
1648135443772979426,1500,1500,1441,1500,1500,1500,1500,1500
1648135443792487551,1500,1500,1441,1500,1500,1500,1500,1500
1648135443812149854,1500,1500,1441,1500,1500,1500,1500,1500
1648135443831151743,1500,1500,1441,1500,1500,1500,1500,1500
1648135443853237847,1500,1500,1441,1500,1500,1500,1500,1500
1648135443872265961,1500,1500,1441,1500,1500,1500,1500,1500
1648135443891423476,1500,1500,1440,1500,1500,1500,1500,1500
1648135443914007454,1500,1500,1440,1500,1500,1500,1500,1500
1648135443933677778,1500,1500,1440,1500,1500,1500,1500,1500
1648135443962301736,1500,1500,1440,1500,1500,1500,1500,1500
1648135443971787711,1500,1500,1440,1500,1500,1500,1500,1500
1648135443992021646,1500,1500,1440,1500,1500,1500,1500,1500
1648135444014069182,1500,1500,1440,1500,1500,1500,1500,1500
1648135444033061168,1500,1500,1440,1500,1500,1500,1500,1500
1648135444053218637,1500,1500,1440,1500,1500,1500,1500,1500
1648135444072641084,1500,1500,1440,1500,1500,1500,1500,1500
1648135444090449841,1500,1500,1440,1500,1500,1500,1500,1500
1648135444114017037,1500,1500,1440,1500,1500,1500,1500,1500
1648135444133643503,1500,1500,1440,1500,1500,1500,1500,1500
1648135444151394129,1500,1500,1440,1500,1500,1500,1500,1500
1648135444172752579,1500,1500,1440,1500,1500,1500,1500,1500
1648135444192633122,1500,1500,1440,1500,1500,1500,1500,1500
1648135444212370447,1500,1500,1440,1500,1500,1500,1500,1500
1648135444230328541,1500,1500,1440,1500,1500,1500,1500,1500
1648135444253084913,1500,1500,1440,1500,1500,1500,1500,1500
1648135444270832247,1500,1500,1440,1500,1500,1500,1500,1500
1648135444292650279,1500,1500,1440,1500,1500,1500,1500,1500
1648135444312702339,1500,1500,1440,1500,1500,1500,1500,1500
1648135444332217588,1500,1500,1440,1500,1500,1500,1500,1500
1648135444353022663,1500,1500,1440,1500,1500,1500,1500,1500
1648135444372628011,1500,1500,1440,1500,1500,1500,1500,1500
1648135444390425779,1500,1500,1439,1500,1500,1500,1500,1500
1648135444412069095,1500,1500,1439,1500,1500,1500,1500,1500
1648135444433941792,1500,1500,1439,1500,1500,1500,1500,1500
1648135444451094204,1500,1500,1439,1500,1500,1500,1500,1500
1648135444472229884,1500,1500,1439,1500,1500,1500,1500,1500
1648135444492275127,1500,1500,1439,1500,1500,1500,1500,1500
1648135444513473367,1500,1500,1439,1500,1500,1500,1500,1500
1648135444533222162,1500,1500,1439,1500,1500,1500,1500,1500
1648135444553240429,1500,1500,1439,1500,1500,1500,1500,1500
1648135444572523008,1500,1500,1439,1500,1500,1500,1500,1500
1648135444593795661,1500,1500,1439,1500,1500,1500,1500,1500
1648135444611396255,1500,1500,1439,1500,1500,1500,1500,1500
1648135444632695289,1500,1500,1439,1500,1500,1500,1500,1500
1648135444653149533,1500,1500,1439,1500,1500,1500,1500,1500
1648135444671525690,1500,1500,1439,1500,1500,1500,1500,1500
1648135444690095999,1500,1500,1439,1500,1500,1500,1500,1500
1648135444713815580,1500,1500,1439,1500,1500,1500,1500,1500
1648135444733096510,1500,1500,1439,1500,1500,1500,1500,1500
1648135444751600251,1500,1500,1439,1500,1500,1500,1500,1500
1648135444772856674,1500,1500,1439,1500,1500,1500,1500,1500
1648135444790620773,1500,1500,1438,1500,1500,1500,1500,1500
1648135444814231290,1500,1500,1438,1500,1500,1500,1500,1500
1648135444832867574,1500,1500,1438,1500,1500,1500,1500,1500
1648135444851504016,1500,1500,1438,1500,1500,1500,1500,1500
1648135444872002235,1500,1500,1438,1500,1500,1500,1500,1500
1648135444895166470,1500,1500,1438,1500,1500,1500,1500,1500
1648135444910746309,1500,1500,1438,1500,1500,1500,1500,1500
1648135444931963930,1500,1500,1438,1500,1500,1500,1500,1500
1648135444952621222,1500,1500,1438,1500,1500,1500,1500,1500
1648135444970835327,1500,1500,1438,1500,1500,1500,1500,1500
1648135444992693823,1500,1500,1438,1500,1500,1500,1500,1500
1648135445011784877,1500,1500,1438,1500,1500,1500,1500,1500
1648135445032439620,1500,1500,1438,1500,1500,1500,1500,1500
1648135445052113135,1500,1500,1438,1500,1500,1500,1500,1500
1648135445071214343,1500,1500,1438,1500,1500,1500,1500,1500
1648135445090484495,1500,1500,1437,1500,1500,1500,1500,1500
1648135445112789284,1500,1500,1437,1500,1500,1500,1500,1500
1648135445131386150,1500,1500,1437,1500,1500,1500,1500,1500
1648135445152351197,1500,1500,1437,1500,1500,1500,1500,1500
1648135445171330254,1500,1500,1437,1500,1500,1500,1500,1500
1648135445190153394,1500,1500,1437,1500,1500,1500,1500,1500
1648135445212054902,1500,1500,1437,1500,1500,1500,1500,1500
1648135445231313892,1500,1500,1437,1500,1500,1500,1500,1500
1648135445254034751,1500,1500,1437,1500,1500,1500,1500,1500
1648135445270988314,1500,1500,1437,1500,1500,1500,1500,1500
1648135445290446952,1500,1500,1437,1500,1500,1500,1500,1500
1648135445310737278,1500,1500,1437,1500,1500,1500,1500,1500
1648135445332590762,1500,1500,1437,1500,1500,1500,1500,1500
1648135445351678873,1500,1500,1437,1500,1500,1500,1500,1500
1648135445371044569,1500,1500,1437,1500,1500,1500,1500,1500
1648135445392704180,1500,1500,1437,1500,1500,1500,1500,1500
1648135445412971757,1500,1500,1437,1500,1500,1500,1500,1500
1648135445432500103,1500,1500,1437,1500,1500,1500,1500,1500
1648135445452199399,1500,1500,1437,1500,1500,1500,1500,1500
1648135445472808723,1500,1500,1437,1500,1500,1500,1500,1500
1648135445490139886,1500,1500,1436,1500,1500,1500,1500,1500
1648135445511955526,1500,1500,1436,1500,1500,1500,1500,1500
1648135445532523157,1500,1500,1436,1500,1500,1500,1500,1500
1648135445553024803,1500,1500,1436,1500,1500,1500,1500,1500
1648135445572198927,1500,1500,1436,1500,1500,1500,1500,1500
1648135445591942476,1500,1500,1436,1500,1500,1500,1500,1500
1648135445611668324,1500,1500,1436,1500,1500,1500,1500,1500
1648135445634855388,1500,1500,1436,1500,1500,1500,1500,1500
1648135445652556597,1500,1500,1436,1500,1500,1500,1500,1500
1648135445670313205,1500,1500,1436,1500,1500,1500,1500,1500
1648135445694429021,1500,1500,1436,1500,1500,1500,1500,1500
1648135445712770406,1500,1500,1436,1500,1500,1500,1500,1500
1648135445731489573,1500,1500,1436,1500,1500,1500,1500,1500
1648135445752365615,1500,1500,1436,1500,1500,1500,1500,1500
1648135445772327741,1500,1500,1436,1500,1500,1500,1500,1500
1648135445791620186,1500,1500,1437,1500,1500,1500,1500,1500
1648135445814321496,1500,1500,1437,1500,1500,1500,1500,1500
1648135445832245044,1500,1500,1437,1500,1500,1500,1500,1500
1648135445852392016,1500,1500,1437,1500,1500,1500,1500,1500
1648135445871951257,1500,1500,1437,1500,1500,1500,1500,1500
1648135445892679614,1500,1500,1437,1500,1500,1500,1500,1500
1648135445911412949,1500,1500,1437,1500,1500,1500,1500,1500
1648135445934085945,1500,1500,1437,1500,1500,1500,1500,1500
1648135445951580796,1500,1500,1437,1500,1500,1500,1500,1500
1648135445970418646,1500,1500,1437,1500,1500,1500,1500,1500
1648135445990376604,1500,1500,1437,1500,1500,1500,1500,1500
1648135446011206531,1500,1500,1437,1500,1500,1500,1500,1500
1648135446030791566,1500,1500,1437,1500,1500,1500,1500,1500
1648135446052905495,1500,1500,1437,1500,1500,1500,1500,1500
1648135446072494547,1500,1500,1437,1500,1500,1500,1500,1500
1648135446091502141,1500,1500,1436,1500,1500,1500,1500,1500
1648135446112087956,1500,1500,1436,1500,1500,1500,1500,1500
1648135446133480940,1500,1500,1436,1500,1500,1500,1500,1500
1648135446151108242,1500,1500,1436,1500,1500,1500,1500,1500
1648135446171617964,1500,1500,1436,1500,1500,1500,1500,1500
1648135446192395303,1500,1500,1436,1500,1500,1500,1500,1500
1648135446214052471,1500,1500,1436,1500,1500,1500,1500,1500
1648135446231027629,1500,1500,1436,1500,1500,1500,1500,1500
1648135446252795220,1500,1500,1436,1500,1500,1500,1500,1500
1648135446270315939,1500,1500,1436,1500,1500,1500,1500,1500
1648135446291476013,1500,1500,1437,1500,1500,1500,1500,1500
1648135446311779632,1500,1500,1437,1500,1500,1500,1500,1500
1648135446333201830,1500,1500,1437,1500,1500,1500,1500,1500
1648135446354036799,1500,1500,1437,1500,1500,1500,1500,1500
1648135446370584639,1500,1500,1437,1500,1500,1500,1500,1500
1648135446390248060,1500,1500,1437,1500,1500,1500,1500,1500
1648135446413294464,1500,1500,1437,1500,1500,1500,1500,1500
1648135446431251829,1500,1500,1437,1500,1500,1500,1500,1500
1648135446451599503,1500,1500,1437,1500,1500,1500,1500,1500
1648135446470565698,1500,1500,1437,1500,1500,1500,1500,1500
1648135446490855508,1500,1500,1437,1500,1500,1500,1500,1500
1648135446511547791,1500,1500,1437,1500,1500,1500,1500,1500
1648135446532120402,1500,1500,1437,1500,1500,1500,1500,1500
1648135446551844388,1500,1500,1437,1500,1500,1500,1500,1500
1648135446571297600,1500,1500,1437,1500,1500,1500,1500,1500
1648135446592555941,1500,1500,1437,1500,1500,1500,1500,1500
1648135446612225177,1500,1500,1437,1500,1500,1500,1500,1500
1648135446631158146,1500,1500,1437,1500,1500,1500,1500,1500
1648135446651756916,1500,1500,1437,1500,1500,1500,1500,1500
1648135446671127041,1500,1500,1437,1500,1500,1500,1500,1500
1648135446692190991,1500,1500,1437,1500,1500,1500,1500,1500
1648135446712408965,1500,1500,1437,1500,1500,1500,1500,1500
1648135446731571629,1500,1500,1437,1500,1500,1500,1500,1500
1648135446753171535,1500,1500,1437,1500,1500,1500,1500,1500
1648135446772478047,1500,1500,1437,1500,1500,1500,1500,1500
1648135446792344828,1500,1500,1437,1500,1500,1500,1500,1500
1648135446811843467,1500,1500,1437,1500,1500,1500,1500,1500
1648135446832247142,1500,1500,1437,1500,1500,1500,1500,1500
1648135446852691432,1500,1500,1437,1500,1500,1500,1500,1500
1648135446870323088,1500,1500,1437,1500,1500,1500,1500,1500
1648135446892660672,1500,1500,1438,1500,1500,1500,1500,1500
1648135446912065415,1500,1500,1438,1500,1500,1500,1500,1500
1648135446931195767,1500,1500,1438,1500,1500,1500,1500,1500
1648135446951933151,1500,1500,1438,1500,1500,1500,1500,1500
1648135446973214086,1500,1500,1438,1500,1500,1500,1500,1500
1648135446991809544,1500,1500,1438,1500,1500,1500,1500,1500
1648135447014121134,1500,1500,1438,1500,1500,1500,1500,1500
1648135447031425568,1500,1500,1438,1500,1500,1500,1500,1500
1648135447052535001,1500,1500,1438,1500,1500,1500,1500,1500
1648135447069733864,1500,1500,1438,1500,1500,1500,1500,1500
1648135447092114207,1500,1500,1438,1500,1500,1500,1500,1500
1648135447111083306,1500,1500,1438,1500,1500,1500,1500,1500
1648135447133245399,1500,1500,1438,1500,1500,1500,1500,1500
1648135447153728712,1500,1500,1438,1500,1500,1500,1500,1500
1648135447170789115,1500,1500,1438,1500,1500,1500,1500,1500
1648135447191859177,1500,1500,1438,1500,1500,1500,1500,1500
1648135447212254704,1500,1500,1438,1500,1500,1500,1500,1500
1648135447232008993,1500,1500,1438,1500,1500,1500,1500,1500
1648135447251572993,1500,1500,1438,1500,1500,1500,1500,1500
1648135447270708664,1500,1500,1438,1500,1500,1500,1500,1500
1648135447293129558,1500,1500,1439,1500,1500,1500,1500,1500
1648135447311618320,1500,1500,1439,1500,1500,1500,1500,1500
1648135447331148901,1500,1500,1439,1500,1500,1500,1500,1500
1648135447353214302,1500,1500,1439,1500,1500,1500,1500,1500
1648135447372465188,1500,1500,1439,1500,1500,1500,1500,1500
1648135447391349068,1500,1500,1439,1500,1500,1500,1500,1500
1648135447411948175,1500,1500,1439,1500,1500,1500,1500,1500
1648135447431284096,1500,1500,1439,1500,1500,1500,1500,1500
1648135447453173359,1500,1500,1439,1500,1500,1500,1500,1500
1648135447472432615,1500,1500,1439,1500,1500,1500,1500,1500
1648135447491845837,1500,1500,1438,1500,1500,1500,1500,1500
1648135447512275355,1500,1500,1438,1500,1500,1500,1500,1500
1648135447533317775,1500,1500,1438,1500,1500,1500,1500,1500
1648135447553843531,1500,1500,1438,1500,1500,1500,1500,1500
1648135447572839574,1500,1500,1438,1500,1500,1500,1500,1500
1648135447591453920,1500,1500,1439,1500,1500,1500,1500,1500
1648135447612065411,1500,1500,1439,1500,1500,1500,1500,1500
1648135447633187662,1500,1500,1439,1500,1500,1500,1500,1500
1648135447652452888,1500,1500,1439,1500,1500,1500,1500,1500
1648135447671899763,1500,1500,1439,1500,1500,1500,1500,1500
1648135447692219428,1500,1500,1439,1500,1500,1500,1500,1500
1648135447712125880,1500,1500,1439,1500,1500,1500,1500,1500
1648135447730410562,1500,1500,1439,1500,1500,1500,1500,1500
1648135447751703617,1500,1500,1439,1500,1500,1500,1500,1500
1648135447771788891,1500,1500,1439,1500,1500,1500,1500,1500
1648135447792408227,1500,1500,1439,1500,1500,1500,1500,1500
1648135447813223280,1500,1500,1439,1500,1500,1500,1500,1500
1648135447834857008,1500,1500,1439,1500,1500,1500,1500,1500
1648135447852185117,1500,1500,1439,1500,1500,1500,1500,1500
1648135447871159303,1500,1500,1439,1500,1500,1500,1500,1500
1648135447891884802,1500,1500,1440,1500,1500,1500,1500,1500
1648135447914277388,1500,1500,1440,1500,1500,1500,1500,1500
1648135447930405382,1500,1500,1440,1500,1500,1500,1500,1500
1648135447952272541,1500,1500,1440,1500,1500,1500,1500,1500
1648135447972810668,1500,1500,1440,1500,1500,1500,1500,1500
1648135447992241123,1500,1500,1439,1500,1500,1500,1500,1500
1648135448013005175,1500,1500,1439,1500,1500,1500,1500,1500
1648135448032599886,1500,1500,1439,1500,1500,1500,1500,1500
1648135448052096438,1500,1500,1439,1500,1500,1500,1500,1500
1648135448071034167,1500,1500,1439,1500,1500,1500,1500,1500
1648135448094084247,1500,1500,1440,1500,1500,1500,1500,1500
1648135448113255434,1500,1500,1440,1500,1500,1500,1500,1500
1648135448132257927,1500,1500,1440,1500,1500,1500,1500,1500
1648135448153074377,1500,1500,1440,1500,1500,1500,1500,1500
1648135448172092954,1500,1500,1440,1500,1500,1500,1500,1500
1648135448191691698,1500,1500,1440,1500,1500,1500,1500,1500
1648135448211439977,1500,1500,1440,1500,1500,1500,1500,1500
1648135448233266573,1500,1500,1440,1500,1500,1500,1500,1500
1648135448252013188,1500,1500,1440,1500,1500,1500,1500,1500
1648135448271767168,1500,1500,1440,1500,1500,1500,1500,1500
1648135448292792959,1500,1500,1441,1500,1500,1500,1500,1500
1648135448312760156,1500,1500,1441,1500,1500,1500,1500,1500
1648135448335015052,1500,1500,1441,1500,1500,1500,1500,1500
1648135448351880136,1500,1500,1441,1500,1500,1500,1500,1500
1648135448371448687,1500,1500,1441,1500,1500,1500,1500,1500
1648135448392957573,1500,1500,1441,1500,1500,1500,1500,1500
1648135448413673156,1500,1500,1441,1500,1500,1500,1500,1500
1648135448432851267,1500,1500,1441,1500,1500,1500,1500,1500
1648135448452279471,1500,1500,1441,1500,1500,1500,1500,1500
1648135448471175335,1500,1500,1441,1500,1500,1500,1500,1500
1648135448490977617,1500,1500,1441,1500,1500,1500,1500,1500
1648135448512317816,1500,1500,1441,1500,1500,1500,1500,1500
1648135448532982323,1500,1500,1441,1500,1500,1500,1500,1500
1648135448552868701,1500,1500,1441,1500,1500,1500,1500,1500
1648135448571563277,1500,1500,1441,1500,1500,1500,1500,1500
1648135448591243665,1500,1500,1441,1500,1500,1500,1500,1500
1648135448613005654,1500,1500,1441,1500,1500,1500,1500,1500
1648135448632288572,1500,1500,1441,1500,1500,1500,1500,1500
1648135448649727868,1500,1500,1441,1500,1500,1500,1500,1500
1648135448672854446,1500,1500,1441,1500,1500,1500,1500,1500
1648135448692400195,1500,1500,1441,1500,1500,1500,1500,1500
1648135448712528476,1500,1500,1441,1500,1500,1500,1500,1500
1648135448730580550,1500,1500,1441,1500,1500,1500,1500,1500
1648135448753235693,1500,1500,1441,1500,1500,1500,1500,1500
1648135448772672419,1500,1500,1441,1500,1500,1500,1500,1500
1648135448791830953,1500,1500,1441,1500,1500,1500,1500,1500
1648135448814323129,1500,1500,1441,1500,1500,1500,1500,1500
1648135448833221374,1500,1500,1441,1500,1500,1500,1500,1500
1648135448853603086,1500,1500,1441,1500,1500,1500,1500,1500
1648135448872740680,1500,1500,1441,1500,1500,1500,1500,1500
1648135448890231150,1500,1500,1441,1500,1500,1500,1500,1500
1648135448912374645,1500,1500,1441,1500,1500,1500,1500,1500
1648135448932900739,1500,1500,1441,1500,1500,1500,1500,1500
1648135448952431621,1500,1500,1441,1500,1500,1500,1500,1500
1648135448972322880,1500,1500,1441,1500,1500,1500,1500,1500
1648135448992410712,1500,1500,1442,1500,1500,1500,1500,1500
1648135449010071855,1500,1500,1442,1500,1500,1500,1500,1500
1648135449031109372,1500,1500,1442,1500,1500,1500,1500,1500
1648135449053135343,1500,1500,1442,1500,1500,1500,1500,1500
1648135449072260931,1500,1500,1442,1500,1500,1500,1500,1500
1648135449091897709,1500,1500,1442,1500,1500,1500,1500,1500
1648135449113489731,1500,1500,1442,1500,1500,1500,1500,1500
1648135449132611756,1500,1500,1442,1500,1500,1500,1500,1500
1648135449153121968,1500,1500,1442,1500,1500,1500,1500,1500
1648135449171892261,1500,1500,1442,1500,1500,1500,1500,1500
1648135449192434675,1500,1500,1441,1500,1500,1500,1500,1500
1648135449211857596,1500,1500,1441,1500,1500,1500,1500,1500
1648135449232029990,1500,1500,1441,1500,1500,1500,1500,1500
1648135449253677109,1500,1500,1441,1500,1500,1500,1500,1500
1648135449272678615,1500,1500,1441,1500,1500,1500,1500,1500
1648135449290786726,1500,1500,1442,1500,1500,1500,1500,1500
1648135449313094311,1500,1500,1442,1500,1500,1500,1500,1500
1648135449332402987,1500,1500,1442,1500,1500,1500,1500,1500
1648135449351996684,1500,1500,1442,1500,1500,1500,1500,1500
1648135449372753141,1500,1500,1442,1500,1500,1500,1500,1500
1648135449392529635,1500,1500,1442,1500,1500,1500,1500,1500
1648135449412587695,1500,1500,1442,1500,1500,1500,1500,1500
1648135449432354063,1500,1500,1442,1500,1500,1500,1500,1500
1648135449453747777,1500,1500,1442,1500,1500,1500,1500,1500
1648135449470475398,1500,1500,1442,1500,1500,1500,1500,1500
1648135449493364856,1500,1500,1442,1500,1500,1500,1500,1500
1648135449512877205,1500,1500,1442,1500,1500,1500,1500,1500
1648135449530343297,1500,1500,1442,1500,1500,1500,1500,1500
1648135449552823364,1500,1500,1442,1500,1500,1500,1500,1500
1648135449570956703,1500,1500,1442,1500,1500,1500,1500,1500
1648135449591932630,1500,1500,1442,1500,1500,1500,1500,1500
1648135449614598869,1500,1500,1442,1500,1500,1500,1500,1500
1648135449632977848,1500,1500,1442,1500,1500,1500,1500,1500
1648135449653734133,1500,1500,1442,1500,1500,1500,1500,1500
1648135449670790289,1500,1500,1442,1500,1500,1500,1500,1500
1648135449692430072,1500,1500,1442,1500,1500,1500,1500,1500
1648135449713132297,1500,1500,1442,1500,1500,1500,1500,1500
1648135449730202404,1500,1500,1442,1500,1500,1500,1500,1500
1648135449752079686,1500,1500,1442,1500,1500,1500,1500,1500
1648135449772861336,1500,1500,1442,1500,1500,1500,1500,1500
1648135449792610951,1500,1500,1443,1500,1500,1500,1500,1500
1648135449810339352,1500,1500,1443,1500,1500,1500,1500,1500
1648135449830101424,1500,1500,1443,1500,1500,1500,1500,1500
1648135449853383831,1500,1500,1443,1500,1500,1500,1500,1500
1648135449870594349,1500,1500,1443,1500,1500,1500,1500,1500
1648135449892723865,1500,1500,1442,1500,1500,1500,1500,1500
1648135449913216318,1500,1500,1442,1500,1500,1500,1500,1500
1648135449932373998,1500,1500,1442,1500,1500,1500,1500,1500
1648135449952762182,1500,1500,1442,1500,1500,1500,1500,1500
1648135449973532797,1500,1500,1442,1500,1500,1500,1500,1500
1648135449991479854,1500,1500,1442,1500,1500,1500,1500,1500
1648135450014057829,1500,1500,1442,1500,1500,1500,1500,1500
1648135450033004489,1500,1500,1442,1500,1500,1500,1500,1500
1648135450052105469,1500,1500,1442,1500,1500,1500,1500,1500
1648135450071956798,1500,1500,1442,1500,1500,1500,1500,1500
1648135450091977822,1500,1500,1443,1500,1500,1500,1500,1500
1648135450112759882,1500,1500,1443,1500,1500,1500,1500,1500
1648135450133125149,1500,1500,1443,1500,1500,1500,1500,1500
1648135450152248595,1500,1500,1443,1500,1500,1500,1500,1500
1648135450172608740,1500,1500,1443,1500,1500,1500,1500,1500
1648135450191659157,1500,1500,1443,1500,1500,1500,1500,1500
1648135450212983146,1500,1500,1443,1500,1500,1500,1500,1500
1648135450233610684,1500,1500,1443,1500,1500,1500,1500,1500
1648135450253504528,1500,1500,1443,1500,1500,1500,1500,1500
1648135450272782040,1500,1500,1443,1500,1500,1500,1500,1500
1648135450293270892,1500,1500,1443,1500,1500,1500,1500,1500
1648135450313328985,1500,1500,1443,1500,1500,1500,1500,1500
1648135450333166339,1500,1500,1443,1500,1500,1500,1500,1500
1648135450353176210,1500,1500,1443,1500,1500,1500,1500,1500
1648135450372235812,1500,1500,1443,1500,1500,1500,1500,1500
1648135450392258461,1500,1500,1443,1500,1500,1500,1500,1500
1648135450412086393,1500,1500,1443,1500,1500,1500,1500,1500
1648135450431001993,1500,1500,1443,1500,1500,1500,1500,1500
1648135450453652516,1500,1500,1443,1500,1500,1500,1500,1500
1648135450471271666,1500,1500,1443,1500,1500,1500,1500,1500
1648135450492430678,1500,1500,1443,1500,1500,1500,1500,1500
1648135450513549896,1500,1500,1443,1500,1500,1500,1500,1500
1648135450533648535,1500,1500,1443,1500,1500,1500,1500,1500
1648135450553346994,1500,1500,1443,1500,1500,1500,1500,1500
1648135450571741216,1500,1500,1443,1500,1500,1500,1500,1500
1648135450591127249,1500,1500,1443,1500,1500,1500,1500,1500
1648135450612980421,1500,1500,1443,1500,1500,1500,1500,1500
1648135450631349423,1500,1500,1443,1500,1500,1500,1500,1500
1648135450653480159,1500,1500,1443,1500,1500,1500,1500,1500
1648135450671557274,1500,1500,1443,1500,1500,1500,1500,1500
1648135450692186725,1500,1500,1443,1500,1500,1500,1500,1500
1648135450711938498,1500,1500,1443,1500,1500,1500,1500,1500
1648135450732373119,1500,1500,1443,1500,1500,1500,1500,1500
1648135450751599056,1500,1500,1443,1500,1500,1500,1500,1500
1648135450771251220,1500,1500,1443,1500,1500,1500,1500,1500
1648135450792235111,1500,1500,1444,1500,1500,1500,1500,1500
1648135450811447105,1500,1500,1444,1500,1500,1500,1500,1500
1648135450832764457,1500,1500,1444,1500,1500,1500,1500,1500
1648135450851392039,1500,1500,1444,1500,1500,1500,1500,1500
1648135450870571453,1500,1500,1444,1500,1500,1500,1500,1500
1648135450890481532,1500,1500,1443,1500,1500,1500,1500,1500
1648135450912521738,1500,1500,1443,1500,1500,1500,1500,1500
1648135450931625080,1500,1500,1443,1500,1500,1500,1500,1500
1648135450951559852,1500,1500,1443,1500,1500,1500,1500,1500
1648135450972137441,1500,1500,1443,1500,1500,1500,1500,1500
1648135450993173325,1500,1500,1443,1500,1500,1500,1500,1500
1648135451011519392,1500,1500,1443,1500,1500,1500,1500,1500
1648135451032331019,1500,1500,1443,1500,1500,1500,1500,1500
1648135451051308021,1500,1500,1443,1500,1500,1500,1500,1500
1648135451072436295,1500,1500,1443,1500,1500,1500,1500,1500
1648135451091090965,1500,1500,1443,1500,1500,1500,1500,1500
1648135451111135923,1500,1500,1443,1500,1500,1500,1500,1500
1648135451131301497,1500,1500,1443,1500,1500,1500,1500,1500
1648135451152553647,1500,1500,1443,1500,1500,1500,1500,1500
1648135451172962127,1500,1500,1443,1500,1500,1500,1500,1500
1648135451192318973,1500,1500,1443,1500,1500,1500,1500,1500
1648135451214062482,1500,1500,1443,1500,1500,1500,1500,1500
1648135451230744511,1500,1500,1443,1500,1500,1500,1500,1500
1648135451252882989,1500,1500,1443,1500,1500,1500,1500,1500
1648135451271334528,1500,1500,1443,1500,1500,1500,1500,1500
1648135451291883065,1500,1500,1444,1500,1500,1500,1500,1500
1648135451311055482,1500,1500,1444,1500,1500,1500,1500,1500
1648135451331125478,1500,1500,1444,1500,1500,1500,1500,1500
1648135451351182777,1500,1500,1444,1500,1500,1500,1500,1500
1648135451372308511,1500,1500,1444,1500,1500,1500,1500,1500
1648135451389893667,1500,1500,1443,1500,1500,1500,1500,1500
1648135451413103847,1500,1500,1443,1500,1500,1500,1500,1500
1648135451431215603,1500,1500,1443,1500,1500,1500,1500,1500
1648135451451219756,1500,1500,1443,1500,1500,1500,1500,1500
1648135451470259159,1500,1500,1443,1500,1500,1500,1500,1500
1648135451492876376,1500,1500,1444,1500,1500,1500,1500,1500
1648135451510326605,1500,1500,1444,1500,1500,1500,1500,1500
1648135451531241938,1500,1500,1444,1500,1500,1500,1500,1500
1648135451552215690,1500,1500,1444,1500,1500,1500,1500,1500
1648135451571361432,1500,1500,1444,1500,1500,1500,1500,1500
1648135451590153945,1500,1500,1444,1500,1500,1500,1500,1500
1648135451610362505,1500,1500,1444,1500,1500,1500,1500,1500
1648135451632604184,1500,1500,1444,1500,1500,1500,1500,1500
1648135451651293181,1500,1500,1444,1500,1500,1500,1500,1500
1648135451670644724,1500,1500,1444,1500,1500,1500,1500,1500
1648135451692250601,1500,1500,1443,1500,1500,1500,1500,1500
1648135451712802133,1500,1500,1443,1500,1500,1500,1500,1500
1648135451731376571,1500,1500,1443,1500,1500,1500,1500,1500
1648135451752031538,1500,1500,1443,1500,1500,1500,1500,1500
1648135451771126755,1500,1500,1443,1500,1500,1500,1500,1500
1648135451792316571,1500,1500,1443,1500,1500,1500,1500,1500
1648135451811953214,1500,1500,1443,1500,1500,1500,1500,1500
1648135451832500891,1500,1500,1443,1500,1500,1500,1500,1500
1648135451852094023,1500,1500,1443,1500,1500,1500,1500,1500
1648135451872039247,1500,1500,1443,1500,1500,1500,1500,1500
1648135451894332579,1500,1500,1444,1500,1500,1500,1500,1500
1648135451912492703,1500,1500,1444,1500,1500,1500,1500,1500
1648135451931660789,1500,1500,1444,1500,1500,1500,1500,1500
1648135451951258529,1500,1500,1444,1500,1500,1500,1500,1500
1648135451972177066,1500,1500,1444,1500,1500,1500,1500,1500
1648135451991538522,1500,1500,1444,1500,1500,1500,1500,1500
1648135452012360784,1500,1500,1444,1500,1500,1500,1500,1500
1648135452031657680,1500,1500,1444,1500,1500,1500,1500,1500
1648135452050442243,1500,1500,1444,1500,1500,1500,1500,1500
1648135452072148495,1500,1500,1444,1500,1500,1500,1500,1500
1648135452091202914,1500,1500,1444,1500,1500,1500,1500,1500
1648135452113374750,1500,1500,1444,1500,1500,1500,1500,1500
1648135452130073801,1500,1500,1444,1500,1500,1500,1500,1500
1648135452151930634,1500,1500,1444,1500,1500,1500,1500,1500
1648135452172147714,1500,1500,1444,1500,1500,1500,1500,1500
1648135452191009004,1500,1500,1444,1500,1500,1500,1500,1500
1648135452212376595,1500,1500,1444,1500,1500,1500,1500,1500
1648135452233112628,1500,1500,1444,1500,1500,1500,1500,1500
1648135452252675939,1500,1500,1444,1500,1500,1500,1500,1500
1648135452270376905,1500,1500,1444,1500,1500,1500,1500,1500
1648135452291790288,1500,1500,1444,1500,1500,1500,1500,1500
1648135452311155899,1500,1500,1444,1500,1500,1500,1500,1500
1648135452330570789,1500,1500,1444,1500,1500,1500,1500,1500
1648135452352857599,1500,1500,1444,1500,1500,1500,1500,1500
1648135452372169566,1500,1500,1444,1500,1500,1500,1500,1500
1648135452391808787,1500,1500,1444,1500,1500,1500,1500,1500
1648135452412142562,1500,1500,1444,1500,1500,1500,1500,1500
1648135452432772479,1500,1500,1444,1500,1500,1500,1500,1500
1648135452451456091,1500,1500,1444,1500,1500,1500,1500,1500
1648135452470829110,1500,1500,1444,1500,1500,1500,1500,1500
1648135452492273874,1500,1500,1444,1500,1500,1500,1500,1500
1648135452513405655,1500,1500,1444,1500,1500,1500,1500,1500
1648135452530335663,1500,1500,1444,1500,1500,1500,1500,1500
1648135452551202492,1500,1500,1444,1500,1500,1500,1500,1500
1648135452571676529,1500,1500,1444,1500,1500,1500,1500,1500
1648135452590525092,1500,1500,1444,1500,1500,1500,1500,1500
1648135452611702767,1500,1500,1444,1500,1500,1500,1500,1500
1648135452632463078,1500,1500,1444,1500,1500,1500,1500,1500
1648135452652247276,1500,1500,1444,1500,1500,1500,1500,1500
1648135452670510119,1500,1500,1444,1500,1500,1500,1500,1500
1648135452692557143,1500,1500,1444,1500,1500,1500,1500,1500
1648135452710698426,1500,1500,1444,1500,1500,1500,1500,1500
1648135452731859602,1500,1500,1444,1500,1500,1500,1500,1500
1648135452751754246,1500,1500,1444,1500,1500,1500,1500,1500
1648135452771549829,1500,1500,1444,1500,1500,1500,1500,1500
1648135452790614548,1500,1500,1444,1500,1500,1500,1500,1500
1648135452811960922,1500,1500,1444,1500,1500,1500,1500,1500
1648135452831247090,1500,1500,1444,1500,1500,1500,1500,1500
1648135452851727028,1500,1500,1444,1500,1500,1500,1500,1500
1648135452872360591,1500,1500,1444,1500,1500,1500,1500,1500
1648135452891624581,1500,1500,1444,1500,1500,1500,1500,1500
1648135452911567990,1500,1500,1444,1500,1500,1500,1500,1500
1648135452932199955,1500,1500,1444,1500,1500,1500,1500,1500
1648135452954173748,1500,1500,1444,1500,1500,1500,1500,1500
1648135452971929798,1500,1500,1444,1500,1500,1500,1500,1500
1648135452992491405,1500,1500,1443,1500,1500,1500,1500,1500
1648135453013173958,1500,1500,1443,1500,1500,1500,1500,1500
1648135453031487840,1500,1500,1443,1500,1500,1500,1500,1500
1648135453052422456,1500,1500,1443,1500,1500,1500,1500,1500
1648135453071249358,1500,1500,1443,1500,1500,1500,1500,1500
1648135453091122407,1500,1500,1444,1500,1500,1500,1500,1500
1648135453112374831,1500,1500,1444,1500,1500,1500,1500,1500
1648135453132486803,1500,1500,1444,1500,1500,1500,1500,1500
1648135453152698787,1500,1500,1444,1500,1500,1500,1500,1500
1648135453171661929,1500,1500,1444,1500,1500,1500,1500,1500
1648135453190725470,1500,1500,1444,1500,1500,1500,1500,1500
1648135453212155375,1500,1500,1444,1500,1500,1500,1500,1500
1648135453231308795,1500,1500,1444,1500,1500,1500,1500,1500
1648135453252224067,1500,1500,1444,1500,1500,1500,1500,1500
1648135453270814827,1500,1500,1444,1500,1500,1500,1500,1500
1648135453290703465,1500,1500,1444,1500,1500,1500,1500,1500
1648135453312386879,1500,1500,1444,1500,1500,1500,1500,1500
1648135453332700145,1500,1500,1444,1500,1500,1500,1500,1500
1648135453352324480,1500,1500,1444,1500,1500,1500,1500,1500
1648135453371524500,1500,1500,1444,1500,1500,1500,1500,1500
1648135453392657765,1500,1500,1444,1500,1500,1500,1500,1500
1648135453413354899,1500,1500,1444,1500,1500,1500,1500,1500
1648135453432725375,1500,1500,1444,1500,1500,1500,1500,1500
1648135453452915005,1500,1500,1444,1500,1500,1500,1500,1500
1648135453471327382,1500,1500,1444,1500,1500,1500,1500,1500
1648135453491352241,1500,1500,1444,1500,1500,1500,1500,1500
1648135453513024419,1500,1500,1444,1500,1500,1500,1500,1500
1648135453532597868,1500,1500,1444,1500,1500,1500,1500,1500
1648135453554492249,1500,1500,1444,1500,1500,1500,1500,1500
1648135453571972620,1500,1500,1444,1500,1500,1500,1500,1500
1648135453590585531,1500,1500,1443,1500,1500,1500,1500,1500
1648135453612620924,1500,1500,1443,1500,1500,1500,1500,1500
1648135453632352240,1500,1500,1443,1500,1500,1500,1500,1500
1648135453652542965,1500,1500,1443,1500,1500,1500,1500,1500
1648135453670817063,1500,1500,1443,1500,1500,1500,1500,1500
1648135453693333434,1500,1500,1444,1500,1500,1500,1500,1500
1648135453712428901,1500,1500,1444,1500,1500,1500,1500,1500
1648135453731052637,1500,1500,1444,1500,1500,1500,1500,1500
1648135453751631854,1500,1500,1444,1500,1500,1500,1500,1500
1648135453771631217,1500,1500,1444,1500,1500,1500,1500,1500
1648135453790667521,1500,1500,1443,1500,1500,1500,1500,1500
1648135453812575872,1500,1500,1443,1500,1500,1500,1500,1500
1648135453831985339,1500,1500,1443,1500,1500,1500,1500,1500
1648135453851630299,1500,1500,1443,1500,1500,1500,1500,1500
1648135453870980087,1500,1500,1443,1500,1500,1500,1500,1500
1648135453890588828,1500,1500,1443,1500,1500,1500,1500,1500
1648135453913103985,1500,1500,1443,1500,1500,1500,1500,1500
1648135453932606596,1500,1500,1443,1500,1500,1500,1500,1500
1648135453952177108,1500,1500,1443,1500,1500,1500,1500,1500
1648135453970572529,1500,1500,1443,1500,1500,1500,1500,1500
1648135453990633406,1500,1500,1443,1500,1500,1500,1500,1500
1648135454012329431,1500,1500,1443,1500,1500,1500,1500,1500
1648135454033286238,1500,1500,1443,1500,1500,1500,1500,1500
1648135454053297150,1500,1500,1443,1500,1500,1500,1500,1500
1648135454070629295,1500,1500,1443,1500,1500,1500,1500,1500
1648135454093058369,1500,1500,1443,1500,1500,1500,1500,1500
1648135454112180557,1500,1500,1443,1500,1500,1500,1500,1500
1648135454131407117,1500,1500,1443,1500,1500,1500,1500,1500
1648135454151967782,1500,1500,1443,1500,1500,1500,1500,1500
1648135454172752389,1500,1500,1443,1500,1500,1500,1500,1500
1648135454191816743,1500,1500,1443,1500,1500,1500,1500,1500
1648135454214237014,1500,1500,1443,1500,1500,1500,1500,1500
1648135454232428971,1500,1500,1443,1500,1500,1500,1500,1500
1648135454251924304,1500,1500,1443,1500,1500,1500,1500,1500
1648135454271321055,1500,1500,1443,1500,1500,1500,1500,1500
1648135454290652715,1500,1500,1443,1500,1500,1500,1500,1500
1648135454311583866,1500,1500,1443,1500,1500,1500,1500,1500
1648135454332784892,1500,1500,1443,1500,1500,1500,1500,1500
1648135454352173270,1500,1500,1443,1500,1500,1500,1500,1500
1648135454372827803,1500,1500,1443,1500,1500,1500,1500,1500
1648135454392453055,1500,1500,1443,1500,1500,1500,1500,1500
1648135454411955891,1500,1500,1443,1500,1500,1500,1500,1500
1648135454431019292,1500,1500,1443,1500,1500,1500,1500,1500
1648135454453449938,1500,1500,1443,1500,1500,1500,1500,1500
1648135454472653212,1500,1500,1443,1500,1500,1500,1500,1500
1648135454492233990,1500,1500,1443,1500,1500,1500,1500,1500
1648135454514536767,1500,1500,1443,1500,1500,1500,1500,1500
1648135454531469130,1500,1500,1443,1500,1500,1500,1500,1500
1648135454552585100,1500,1500,1443,1500,1500,1500,1500,1500
1648135454573084255,1500,1500,1443,1500,1500,1500,1500,1500
1648135454592465789,1500,1500,1443,1500,1500,1500,1500,1500
1648135454612178568,1500,1500,1443,1500,1500,1500,1500,1500
1648135454632228834,1500,1500,1443,1500,1500,1500,1500,1500
1648135454651223688,1500,1500,1443,1500,1500,1500,1500,1500
1648135454670732834,1500,1500,1443,1500,1500,1500,1500,1500
1648135454692007101,1500,1500,1443,1500,1500,1500,1500,1500
1648135454712886622,1500,1500,1443,1500,1500,1500,1500,1500
1648135454730187854,1500,1500,1443,1500,1500,1500,1500,1500
1648135454753166014,1500,1500,1443,1500,1500,1500,1500,1500
1648135454772288472,1500,1500,1443,1500,1500,1500,1500,1500
1648135454792293496,1500,1500,1443,1500,1500,1500,1500,1500
1648135454811721816,1500,1500,1443,1500,1500,1500,1500,1500
1648135454833264068,1500,1500,1443,1500,1500,1500,1500,1500
1648135454853421034,1500,1500,1443,1500,1500,1500,1500,1500
1648135454872847409,1500,1500,1443,1500,1500,1500,1500,1500
1648135454892232911,1500,1500,1443,1500,1500,1500,1500,1500
1648135454911111891,1500,1500,1443,1500,1500,1500,1500,1500
1648135454931816665,1500,1500,1443,1500,1500,1500,1500,1500
1648135454952067368,1500,1500,1443,1500,1500,1500,1500,1500
1648135454971683993,1500,1500,1443,1500,1500,1500,1500,1500
1648135454991936897,1500,1500,1443,1500,1500,1500,1500,1500
1648135455011791750,1500,1500,1443,1500,1500,1500,1500,1500
1648135455030824060,1500,1500,1443,1500,1500,1500,1500,1500
1648135455052988107,1500,1500,1443,1500,1500,1500,1500,1500
1648135455072791735,1500,1500,1443,1500,1500,1500,1500,1500
1648135455093537994,1500,1500,1443,1500,1500,1500,1500,1500
1648135455113187405,1500,1500,1443,1500,1500,1500,1500,1500
1648135455132586423,1500,1500,1443,1500,1500,1500,1500,1500
1648135455153703219,1500,1500,1443,1500,1500,1500,1500,1500
1648135455171748537,1500,1500,1443,1500,1500,1500,1500,1500
1648135455191245917,1500,1500,1443,1500,1500,1500,1500,1500
1648135455210966129,1500,1500,1443,1500,1500,1500,1500,1500
1648135455230966975,1500,1500,1443,1500,1500,1500,1500,1500
1648135455250571663,1500,1500,1443,1500,1500,1500,1500,1500
1648135455270383561,1500,1500,1443,1500,1500,1500,1500,1500
1648135455293866368,1500,1500,1442,1500,1500,1500,1500,1500
1648135455312563402,1500,1500,1442,1500,1500,1500,1500,1500
1648135455331120236,1500,1500,1442,1500,1500,1500,1500,1500
1648135455350377889,1500,1500,1442,1500,1500,1500,1500,1500
1648135455372622545,1500,1500,1442,1500,1500,1500,1500,1500
1648135455391452317,1500,1500,1443,1500,1500,1500,1500,1500
1648135455413637968,1500,1500,1443,1500,1500,1500,1500,1500
1648135455430367620,1500,1500,1443,1500,1500,1500,1500,1500
1648135455452421979,1500,1500,1443,1500,1500,1500,1500,1500
1648135455472546784,1500,1500,1443,1500,1500,1500,1500,1500
1648135455490738821,1500,1500,1443,1500,1500,1500,1500,1500
1648135455512852751,1500,1500,1443,1500,1500,1500,1500,1500
1648135455534111407,1500,1500,1443,1500,1500,1500,1500,1500
1648135455552889457,1500,1500,1443,1500,1500,1500,1500,1500
1648135455572691549,1500,1500,1443,1500,1500,1500,1500,1500
1648135455592304414,1500,1500,1442,1500,1500,1500,1500,1500
1648135455615689220,1500,1500,1442,1500,1500,1500,1500,1500
1648135455631105576,1500,1500,1442,1500,1500,1500,1500,1500
1648135455650751717,1500,1500,1442,1500,1500,1500,1500,1500
1648135455672222634,1500,1500,1442,1500,1500,1500,1500,1500
1648135455692385429,1500,1500,1443,1500,1500,1500,1500,1500
1648135455712645092,1500,1500,1443,1500,1500,1500,1500,1500
1648135455731059439,1500,1500,1443,1500,1500,1500,1500,1500
1648135455752882888,1500,1500,1443,1500,1500,1500,1500,1500
1648135455772058386,1500,1500,1443,1500,1500,1500,1500,1500
1648135455792291860,1500,1500,1442,1500,1500,1500,1500,1500
1648135455814497863,1500,1500,1442,1500,1500,1500,1500,1500
1648135455832916187,1500,1500,1442,1500,1500,1500,1500,1500
1648135455853459720,1500,1500,1442,1500,1500,1500,1500,1500
1648135455872452170,1500,1500,1442,1500,1500,1500,1500,1500
1648135455890137888,1500,1500,1443,1500,1500,1500,1500,1500
1648135455913524730,1500,1500,1443,1500,1500,1500,1500,1500
1648135455929827061,1500,1500,1443,1500,1500,1500,1500,1500
1648135455951124670,1500,1500,1443,1500,1500,1500,1500,1500
1648135455972498455,1500,1500,1443,1500,1500,1500,1500,1500
1648135455990240605,1500,1500,1443,1500,1500,1500,1500,1500
1648135456012291478,1500,1500,1443,1500,1500,1500,1500,1500
1648135456033428779,1500,1500,1443,1500,1500,1500,1500,1500
1648135456052816430,1500,1500,1443,1500,1500,1500,1500,1500
1648135456071357689,1500,1500,1443,1500,1500,1500,1500,1500
1648135456091807573,1500,1500,1443,1500,1500,1500,1500,1500
1648135456112499721,1500,1500,1443,1500,1500,1500,1500,1500
1648135456132330933,1500,1500,1443,1500,1500,1500,1500,1500
1648135456153246788,1500,1500,1443,1500,1500,1500,1500,1500
1648135456172335486,1500,1500,1443,1500,1500,1500,1500,1500
1648135456189741550,1500,1500,1443,1500,1500,1500,1500,1500
1648135456212399141,1500,1500,1443,1500,1500,1500,1500,1500
1648135456230572359,1500,1500,1443,1500,1500,1500,1500,1500
1648135456255086589,1500,1500,1443,1500,1500,1500,1500,1500
1648135456272428227,1500,1500,1443,1500,1500,1500,1500,1500
1648135456290144540,1500,1500,1443,1500,1500,1500,1500,1500
1648135456313281672,1500,1500,1443,1500,1500,1500,1500,1500
1648135456333032271,1500,1500,1443,1500,1500,1500,1500,1500
1648135456352190856,1500,1500,1443,1500,1500,1500,1500,1500
1648135456372757463,1500,1500,1443,1500,1500,1500,1500,1500
1648135456392839146,1500,1500,1442,1500,1500,1500,1500,1500
1648135456411408947,1500,1500,1442,1500,1500,1500,1500,1500
1648135456432474212,1500,1500,1442,1500,1500,1500,1500,1500
1648135456452487721,1500,1500,1442,1500,1500,1500,1500,1500
1648135456471545649,1500,1500,1442,1500,1500,1500,1500,1500
1648135456490109073,1500,1500,1443,1500,1500,1500,1500,1500
1648135456510955437,1500,1500,1443,1500,1500,1500,1500,1500
1648135456531001288,1500,1500,1443,1500,1500,1500,1500,1500
1648135456552541107,1500,1500,1443,1500,1500,1500,1500,1500
1648135456571925564,1500,1500,1443,1500,1500,1500,1500,1500
1648135456591182213,1500,1500,1443,1500,1500,1500,1500,1500
1648135456614781316,1500,1500,1443,1500,1500,1500,1500,1500
1648135456631160919,1500,1500,1443,1500,1500,1500,1500,1500
1648135456650865371,1500,1500,1443,1500,1500,1500,1500,1500
1648135456671676272,1500,1500,1443,1500,1500,1500,1500,1500
1648135456692063059,1500,1500,1443,1500,1500,1500,1500,1500
1648135456711117728,1500,1500,1443,1500,1500,1500,1500,1500
1648135456730700645,1500,1500,1443,1500,1500,1500,1500,1500
1648135456752735309,1500,1500,1443,1500,1500,1500,1500,1500
1648135456772195792,1500,1500,1443,1500,1500,1500,1500,1500
1648135456791974389,1500,1500,1443,1500,1500,1500,1500,1500
1648135456814337018,1500,1500,1443,1500,1500,1500,1500,1500
1648135456831770953,1500,1500,1443,1500,1500,1500,1500,1500
1648135456851323740,1500,1500,1443,1500,1500,1500,1500,1500
1648135456871143550,1500,1500,1443,1500,1500,1500,1500,1500
1648135456892080368,1500,1500,1442,1500,1500,1500,1500,1500
1648135456912520737,1500,1500,1442,1500,1500,1500,1500,1500
1648135456930645543,1500,1500,1442,1500,1500,1500,1500,1500
1648135456954704533,1500,1500,1442,1500,1500,1500,1500,1500
1648135456970610544,1500,1500,1442,1500,1500,1500,1500,1500
1648135456992170616,1500,1500,1443,1500,1500,1500,1500,1500
1648135457011355216,1500,1500,1443,1500,1500,1500,1500,1500
1648135457032576850,1500,1500,1443,1500,1500,1500,1500,1500
1648135457051893107,1500,1500,1443,1500,1500,1500,1500,1500
1648135457070233065,1500,1500,1443,1500,1500,1500,1500,1500
1648135457090331187,1500,1500,1443,1500,1500,1500,1500,1500
1648135457111269667,1500,1500,1443,1500,1500,1500,1500,1500
1648135457132010496,1500,1500,1443,1500,1500,1500,1500,1500
1648135457152104377,1500,1500,1443,1500,1500,1500,1500,1500
1648135457170591214,1500,1500,1443,1500,1500,1500,1500,1500
1648135457190669945,1500,1500,1443,1500,1500,1500,1500,1500
1648135457212859963,1500,1500,1443,1500,1500,1500,1500,1500
1648135457230561729,1500,1500,1443,1500,1500,1500,1500,1500
1648135457251753373,1500,1500,1443,1500,1500,1500,1500,1500
1648135457270666200,1500,1500,1443,1500,1500,1500,1500,1500
1648135457290355353,1500,1500,1443,1500,1500,1500,1500,1500
1648135457312639320,1500,1500,1443,1500,1500,1500,1500,1500
1648135457331560376,1500,1500,1443,1500,1500,1500,1500,1500
1648135457351720345,1500,1500,1443,1500,1500,1500,1500,1500
1648135457371646769,1500,1500,1443,1500,1500,1500,1500,1500
1648135457390948952,1500,1500,1443,1500,1500,1500,1500,1500
1648135457412859699,1500,1500,1443,1500,1500,1500,1500,1500
1648135457432629242,1500,1500,1443,1500,1500,1500,1500,1500
1648135457450404965,1500,1500,1443,1500,1500,1500,1500,1500
1648135457469462680,1500,1500,1443,1500,1500,1500,1500,1500
1648135457490680273,1500,1500,1443,1500,1500,1500,1500,1500
1648135457511341948,1500,1500,1443,1500,1500,1500,1500,1500
1648135457531950675,1500,1500,1443,1500,1500,1500,1500,1500
1648135457552399236,1500,1500,1443,1500,1500,1500,1500,1500
1648135457570762548,1500,1500,1443,1500,1500,1500,1500,1500
1648135457592573164,1500,1500,1443,1500,1500,1500,1500,1500
1648135457611244245,1500,1500,1443,1500,1500,1500,1500,1500
1648135457630279825,1500,1500,1443,1500,1500,1500,1500,1500
1648135457652215534,1500,1500,1443,1500,1500,1500,1500,1500
1648135457672482180,1500,1500,1443,1500,1500,1500,1500,1500
1648135457692332081,1500,1500,1443,1500,1500,1500,1500,1500
1648135457712804586,1500,1500,1443,1500,1500,1500,1500,1500
1648135457732163542,1500,1500,1443,1500,1500,1500,1500,1500
1648135457753913202,1500,1500,1443,1500,1500,1500,1500,1500
1648135457772513005,1500,1500,1443,1500,1500,1500,1500,1500
1648135457791090073,1500,1500,1443,1500,1500,1500,1500,1500
1648135457812226781,1500,1500,1443,1500,1500,1500,1500,1500
1648135457832479771,1500,1500,1443,1500,1500,1500,1500,1500
1648135457852239118,1500,1500,1443,1500,1500,1500,1500,1500
1648135457871418503,1500,1500,1443,1500,1500,1500,1500,1500
1648135457890706796,1500,1500,1443,1500,1500,1500,1500,1500
1648135457913347005,1500,1500,1443,1500,1500,1500,1500,1500
1648135457931166642,1500,1500,1443,1500,1500,1500,1500,1500
1648135457951672813,1500,1500,1443,1500,1500,1500,1500,1500
1648135457971169593,1500,1500,1443,1500,1500,1500,1500,1500
1648135457990553657,1500,1500,1443,1500,1500,1500,1500,1500
1648135458009780437,1500,1500,1443,1500,1500,1500,1500,1500
1648135458031812247,1500,1500,1443,1500,1500,1500,1500,1500
1648135458051761271,1500,1500,1443,1500,1500,1500,1500,1500
1648135458070757805,1500,1500,1443,1500,1500,1500,1500,1500
1648135458093172362,1500,1500,1443,1500,1500,1500,1500,1500
1648135458111473938,1500,1500,1443,1500,1500,1500,1500,1500
1648135458131384250,1500,1500,1443,1500,1500,1500,1500,1500
1648135458152094204,1500,1500,1443,1500,1500,1500,1500,1500
1648135458170687314,1500,1500,1443,1500,1500,1500,1500,1500
1648135458190491492,1500,1500,1443,1500,1500,1500,1500,1500
1648135458212823879,1500,1500,1443,1500,1500,1500,1500,1500
1648135458232268593,1500,1500,1443,1500,1500,1500,1500,1500
1648135458251239361,1500,1500,1443,1500,1500,1500,1500,1500
1648135458270552152,1500,1500,1443,1500,1500,1500,1500,1500
1648135458291222492,1500,1500,1444,1500,1500,1500,1500,1500
1648135458312053210,1500,1500,1444,1500,1500,1500,1500,1500
1648135458331353995,1500,1500,1444,1500,1500,1500,1500,1500
1648135458352138309,1500,1500,1444,1500,1500,1500,1500,1500
1648135458371252137,1500,1500,1444,1500,1500,1500,1500,1500
1648135458391223519,1500,1500,1444,1500,1500,1500,1500,1500
1648135458412672095,1500,1500,1444,1500,1500,1500,1500,1500
1648135458432551572,1500,1500,1444,1500,1500,1500,1500,1500
1648135458452573901,1500,1500,1444,1500,1500,1500,1500,1500
1648135458471176177,1500,1500,1444,1500,1500,1500,1500,1500
1648135458494783726,1500,1500,1443,1500,1500,1500,1500,1500
1648135458513285125,1500,1500,1443,1500,1500,1500,1500,1500
1648135458532731070,1500,1500,1443,1500,1500,1500,1500,1500
1648135458551009004,1500,1500,1443,1500,1500,1500,1500,1500
1648135458570546166,1500,1500,1443,1500,1500,1500,1500,1500
1648135458590686074,1500,1500,1443,1500,1500,1500,1500,1500
1648135458611995835,1500,1500,1443,1500,1500,1500,1500,1500
1648135458631641587,1500,1500,1443,1500,1500,1500,1500,1500
1648135458650669376,1500,1500,1443,1500,1500,1500,1500,1500
1648135458670696514,1500,1500,1443,1500,1500,1500,1500,1500
1648135458690113937,1500,1500,1443,1500,1500,1500,1500,1500
1648135458712770504,1500,1500,1443,1500,1500,1500,1500,1500
1648135458732290299,1500,1500,1443,1500,1500,1500,1500,1500
1648135458750884309,1500,1500,1443,1500,1500,1500,1500,1500
1648135458771227775,1500,1500,1443,1500,1500,1500,1500,1500
1648135458792757694,1500,1500,1444,1500,1500,1500,1500,1500
1648135458812230021,1500,1500,1444,1500,1500,1500,1500,1500
1648135458831372989,1500,1500,1443,1500,1500,1500,1500,1500
1648135458851436185,1500,1500,1443,1500,1500,1500,1500,1500
1648135458870489157,1500,1500,1443,1500,1500,1500,1500,1500
1648135458891767703,1500,1500,1443,1500,1500,1500,1500,1500
1648135458910217572,1500,1500,1443,1500,1500,1500,1500,1500
1648135458932045756,1500,1500,1443,1500,1500,1500,1500,1500
1648135458952443096,1500,1500,1443,1500,1500,1500,1500,1500
1648135458971922084,1500,1500,1443,1500,1500,1500,1500,1500
1648135458990584995,1500,1500,1443,1500,1500,1500,1500,1500
1648135459013052988,1500,1500,1443,1500,1500,1500,1500,1500
1648135459032163272,1500,1500,1444,1500,1500,1500,1500,1500
1648135459051775160,1500,1500,1444,1500,1500,1500,1500,1500
1648135459071114339,1500,1500,1444,1500,1500,1500,1500,1500
1648135459093090233,1500,1500,1444,1500,1500,1500,1500,1500
1648135459112343581,1500,1500,1444,1500,1500,1500,1500,1500
1648135459133743145,1500,1500,1444,1500,1500,1500,1500,1500
1648135459153735426,1500,1500,1444,1500,1500,1500,1500,1500
1648135459172293118,1500,1500,1444,1500,1500,1500,1500,1500
1648135459191323520,1500,1500,1444,1500,1500,1500,1500,1500
1648135459211137826,1500,1500,1444,1500,1500,1500,1500,1500
1648135459230801083,1500,1500,1444,1500,1500,1500,1500,1500
1648135459252888850,1500,1500,1444,1500,1500,1500,1500,1500
1648135459272262819,1500,1500,1444,1500,1500,1500,1500,1500
1648135459291426030,1500,1500,1444,1500,1500,1500,1500,1500
1648135459311033195,1500,1500,1444,1500,1500,1500,1500,1500
1648135459332881120,1500,1500,1444,1500,1500,1500,1500,1500
1648135459353250608,1500,1500,1444,1500,1500,1500,1500,1500
1648135459372742549,1500,1500,1444,1500,1500,1500,1500,1500
1648135459391898921,1500,1500,1444,1500,1500,1500,1500,1500
1648135459410984744,1500,1500,1444,1500,1500,1500,1500,1500
1648135459432399172,1500,1500,1444,1500,1500,1500,1500,1500
1648135459451951291,1500,1500,1444,1500,1500,1500,1500,1500
1648135459471957701,1500,1500,1444,1500,1500,1500,1500,1500
1648135459490977089,1500,1500,1444,1500,1500,1500,1500,1500
1648135459510795351,1500,1500,1444,1500,1500,1500,1500,1500
1648135459532974433,1500,1500,1444,1500,1500,1500,1500,1500
1648135459553074227,1500,1500,1444,1500,1500,1500,1500,1500
1648135459570670128,1500,1500,1444,1500,1500,1500,1500,1500
1648135459591943162,1500,1500,1444,1500,1500,1500,1500,1500
1648135459610943886,1500,1500,1444,1500,1500,1500,1500,1500
1648135459631485259,1500,1500,1444,1500,1500,1500,1500,1500
1648135459651942416,1500,1500,1444,1500,1500,1500,1500,1500
1648135459672316161,1500,1500,1444,1500,1500,1500,1500,1500
1648135459690343219,1500,1500,1444,1500,1500,1500,1500,1500
1648135459709920603,1500,1500,1444,1500,1500,1500,1500,1500
1648135459732264865,1500,1500,1444,1500,1500,1500,1500,1500
1648135459751440062,1500,1500,1444,1500,1500,1500,1500,1500
1648135459771814383,1500,1500,1444,1500,1500,1500,1500,1500
1648135459790934275,1500,1500,1444,1500,1500,1500,1500,1500
1648135459810021605,1500,1500,1444,1500,1500,1500,1500,1500
1648135459831603660,1500,1500,1444,1500,1500,1500,1500,1500
1648135459852205465,1500,1500,1444,1500,1500,1500,1500,1500
1648135459871930046,1500,1500,1444,1500,1500,1500,1500,1500
1648135459882351538,1500,1500,1500,1500,1500,1500,1500,1500
1648135459890758727,1500,1500,1444,1500,1500,1500,1500,1500
1648135459910303492,1500,1500,1444,1500,1500,1500,1500,1500
1648135459931722880,1500,1500,1444,1500,1500,1500,1500,1500
1648135459951532299,1500,1500,1444,1500,1500,1500,1500,1500
1648135459971233281,1500,1500,1444,1500,1500,1500,1500,1500
1648135459991160665,1500,1500,1444,1500,1500,1500,1500,1500
1648135460010818446,1500,1500,1444,1500,1500,1500,1500,1500
1648135460030603133,1500,1500,1444,1500,1500,1500,1500,1500
1648135460032370213,1500,1500,1500,1500,1500,1500,1500,1500
1648135460052381829,1500,1500,1444,1500,1500,1500,1500,1500
1648135460072234428,1500,1500,1444,1500,1500,1500,1500,1500
1648135460090687443,1500,1500,1444,1500,1500,1500,1500,1500
1648135460110615501,1500,1500,1444,1500,1500,1500,1500,1500
1648135460132240108,1500,1500,1444,1500,1500,1500,1500,1500
1648135460152157478,1500,1500,1444,1500,1500,1500,1500,1500
1648135460172316263,1500,1500,1444,1500,1500,1500,1500,1500
1648135460191299903,1500,1500,1444,1500,1500,1500,1500,1500
1648135460211937188,1500,1500,1444,1500,1500,1500,1500,1500
1648135460231374183,1500,1500,1444,1500,1500,1500,1500,1500
1648135460251514594,1500,1500,1444,1500,1500,1500,1500,1500
1648135460270842672,1500,1500,1444,1500,1500,1500,1500,1500
1648135460292502739,1500,1500,1444,1500,1500,1500,1500,1500
1648135460311811509,1500,1500,1444,1500,1500,1500,1500,1500
1648135460331911921,1500,1500,1444,1500,1500,1500,1500,1500
1648135460353172177,1500,1500,1444,1500,1500,1500,1500,1500
1648135460372573920,1500,1500,1444,1500,1500,1500,1500,1500
1648135460391115549,1500,1500,1444,1500,1500,1500,1500,1500
1648135460411233253,1500,1500,1444,1500,1500,1500,1500,1500
1648135460434102540,1500,1500,1444,1500,1500,1500,1500,1500
1648135460452953609,1500,1500,1444,1500,1500,1500,1500,1500
1648135460470534215,1500,1500,1444,1500,1500,1500,1500,1500
1648135460492135373,1500,1500,1444,1500,1500,1500,1500,1500
1648135460511303795,1500,1500,1444,1500,1500,1500,1500,1500
1648135460530235420,1500,1500,1443,1500,1500,1500,1500,1500
1648135460552982643,1500,1500,1443,1500,1500,1500,1500,1500
1648135460571562512,1500,1500,1443,1500,1500,1500,1500,1500
1648135460591861643,1500,1500,1443,1500,1500,1500,1500,1500
1648135460610440098,1500,1500,1443,1500,1500,1500,1500,1500
1648135460633942553,1500,1500,1442,1500,1500,1500,1500,1500
1648135460653489044,1500,1500,1442,1500,1500,1500,1500,1500
1648135460671763861,1500,1500,1442,1500,1500,1500,1500,1500
1648135460691830571,1500,1500,1442,1500,1500,1500,1500,1500
1648135460712231034,1500,1500,1442,1500,1500,1500,1500,1500
1648135460730461902,1500,1500,1442,1500,1500,1500,1500,1500
1648135460752616210,1500,1500,1442,1500,1500,1500,1500,1500
1648135460771429322,1500,1500,1442,1500,1500,1500,1500,1500
1648135460793777827,1500,1500,1442,1500,1500,1500,1500,1500
1648135460811024451,1500,1500,1442,1500,1500,1500,1500,1500
1648135460833059319,1500,1500,1441,1500,1500,1500,1500,1500
1648135460852449003,1500,1500,1441,1500,1500,1500,1500,1500
1648135460871846565,1500,1500,1441,1500,1500,1500,1500,1500
